gene_claim_name	gene_name	entrez_id	gene_claim_source
BE0004071	KRAS	3845	DrugBank
BE0000313	NDUFC1	4717	DrugBank
BE0000071	PPARA	5465	DrugBank
BE0000101	AMD1	262	DrugBank
BE0000175	BDH1	622	DrugBank
BE0009388	STK36	27148	DrugBank
BE0002421	IL13RA2	3598	DrugBank
BE0004565	ALDOB	229	DrugBank
BE0004464	TFF2	7032	DrugBank
BE0002172	SPTLC3	55304	DrugBank
BE0008969	ANXA4	307	DrugBank
BE0000304	MAT2A	4144	DrugBank
BE0009394	TBK1	29110	DrugBank
BE0002131	FGFR1	2260	DrugBank
BE0000059	HSD3B2	3284	DrugBank
BE0000422	ANXA1	301	DrugBank
BE0003476	NPY	4852	DrugBank
BE0000325	RRM1	6240	DrugBank
BE0000837	MGAM	8972	DrugBank
BE0000737	DLD	1738	DrugBank
BE0009463	MAP3K11	4296	DrugBank
BE0000749	SLC6A4	6532	DrugBank
BE0003626	CA5A	763	DrugBank
BE0004477	AK2	204	DrugBank
BE0003699	MMP24	10893	DrugBank
BE0000688	FFAR1	2864	DrugBank
BE0002112	SERPINA5	5104	DrugBank
BE0002372	FNTB	2342	DrugBank
BE0002165	GAD1	2571	DrugBank
BE0003901	MIP	4284	DrugBank
BE0000031	DHCR7	1717	DrugBank
BE0002641	CASK	8573	DrugBank
BE0002438	IL13	3596	DrugBank
BE0003692	MMP14	4323	DrugBank
BE0001092	PADI4	23569	DrugBank
BE0004135	ACOX1	51	DrugBank
BE0009005	RIC3	79608	DrugBank
BE0009062	KRT10	3858	DrugBank
BE0001112	BPI	671	DrugBank
BE0003257	CPB1	1360	DrugBank
BE0002433	CYP1A2	1544	DrugBank
BE0000247	CHRM5	1133	DrugBank
BE0000702	ACACB	32	DrugBank
BE0003988	COX5A	9377	DrugBank
BE0009757	SLC9A3	6550	DrugBank
BE0003376	LEPR	3953	DrugBank
BE0000601	SLC12A4	6560	DrugBank
BE0000147	FLT3	2322	DrugBank
BE0003994	COX6A2	1339	DrugBank
BE0000854	DPP4	1803	DrugBank
BE0003772	MAPK9	5601	DrugBank
BE0000865	PNMT	5409	DrugBank
BE0009473	MAP4K4	9448	DrugBank
BE0000676	NDUFB8	4714	DrugBank
BE0003379	TEK	7010	DrugBank
BE0001414	MAN1B1	11253	DrugBank
BE0009025	HNRNPF	3185	DrugBank
BE0004498	GYG1	2992	DrugBank
BE0009018	HSPA2	3306	DrugBank
BE0000727	AADAT	51166	DrugBank
BE0004906	KCNMA1	3778	DrugBank
BE0003625	CA3	761	DrugBank
BE0009370			DrugBank
BE0009393	TAOK3	51347	DrugBank
BE0003435	MSTN	2660	DrugBank
BE0008970	STIP1	10963	DrugBank
BE0001155	ITGB3	3690	DrugBank
BE0005587	EPHA5	2044	DrugBank
BE0004602	RND3	390	DrugBank
BE0001023	TRPV1	7442	DrugBank
BE0001011	CANX	821	DrugBank
BE0004604	ST3GAL5	8869	DrugBank
BE0001114	VCAM1	7412	DrugBank
BE0000615	PCYT1A	5130	DrugBank
BE0000542	GAPDH	2597	DrugBank
BE0001385	PRKCQ	5588	DrugBank
BE0008718	CACNA1E	777	DrugBank
BE0000181	PNPO	55163	DrugBank
BE0009105	RPL14	9045	DrugBank
BE0009911	HP	3240	DrugBank
BE0000307	NDUFS7	374291	DrugBank
BE0001140	CP	1356	DrugBank
BE0009066	LUM	4060	DrugBank
BE0009483	CLASP1	23332	DrugBank
BE0009041	YWHAH	7533	DrugBank
BE0000897	KCNQ2	3785	DrugBank
BE0003855	UQCRC2	7385	DrugBank
BE0001071	PTPN11	5781	DrugBank
BE0000045	CHRM3	1131	DrugBank
BE0003780	NMT2	9397	DrugBank
BE0005108	CACNG2	10369	DrugBank
BE0001373	MAPKAPK2	9261	DrugBank
BE0004436	HS3ST1	9957	DrugBank
BE0008670	ABCC8	6833	DrugBank
BE0002092	FGG	2266	DrugBank
BE0002225	PAICS	10606	DrugBank
BE0004586	COMTD1	118881	DrugBank
BE0004328	STK17B	9262	DrugBank
BE0009450	IKBKE	9641	DrugBank
BE0005824	TAB1	10454	DrugBank
BE0003513	BDKRB2	624	DrugBank
BE0003601	LALBA	3906	DrugBank
BE0002401	P2RY2	5029	DrugBank
BE0001935	NUDT9	53343	DrugBank
BE0000471	GABRA5	2558	DrugBank
BE0003745	PLK1	5347	DrugBank
BE0004292	MYL6B	140465	DrugBank
BE0004252	ARPC2	10109	DrugBank
BE0004493	LGALS1	3956	DrugBank
BE0009347	NR1D1	9572	DrugBank
BE0009017	EIF3F	8665	DrugBank
BE0004745	MAP3K2	10746	DrugBank
BE0009398	TLK2	11011	DrugBank
BE0000654	EPOR	2057	DrugBank
BE0003810	PPP1CA	5499	DrugBank
BE0000273	KYAT1	883	DrugBank
BE0003611	CYP2C18	1562	DrugBank
BE0003411	PDGFD	80310	DrugBank
BE0003573	MR1	3140	DrugBank
BE0000656	TNNI3	7137	DrugBank
BE0004618	CDC42	998	DrugBank
BE0003398	TUBA4B	80086	DrugBank
BE0005076	ACTA2	59	DrugBank
BE0009098	CSRP1	1465	DrugBank
BE0000478	GABRA4	2557	DrugBank
BE0000132	AR	367	DrugBank
BE0009506	PAK2	5062	DrugBank
BE0000439	ITGA2B	3674	DrugBank
BE0009104	RPL10	6134	DrugBank
BE0002365	HDAC1	3065	DrugBank
BE0000037	NDUFS8	4728	DrugBank
BE0001209	CSNK2A1	1457	DrugBank
BE0009143	SMN2	6607	DrugBank
BE0000605	ACAD8	27034	DrugBank
BE0005187	KCNJ4	3761	DrugBank
BE0005844	PRDX1	5052	DrugBank
BE0008976	PSME1	5720	DrugBank
BE0009090	SERPINA3	12	DrugBank
BE0001117	LTC4S	4056	DrugBank
BE0003317	RNASE1	6035	DrugBank
BE0002166	GPT2	84706	DrugBank
BE0001104	RET	5979	DrugBank
BE0004019	HNF4A	3172	DrugBank
BE0000086	HAL	3034	DrugBank
BE0002407	PIK3CB	5291	DrugBank
BE0001135	GPX4	2879	DrugBank
BE0009154	AANAT	15	DrugBank
BE0009532	RIPK2	8767	DrugBank
BE0004504	ACO2	50	DrugBank
BE0005562	GPR35	2859	DrugBank
BE0000628	CSF2RA	1438	DrugBank
BE0002790	MAPK12	6300	DrugBank
BE0002375	PTGER3	5733	DrugBank
BE0009050	C4BPA	722	DrugBank
BE0003556	PDE6G	5148	DrugBank
BE0002214	ADA	100	DrugBank
BE0000530	ALB	213	DrugBank
BE0002305	GLYAT	10249	DrugBank
BE0001855	MIF	4282	DrugBank
BE0003491	INS	3630	DrugBank
BE0009113	RPS28	6234	DrugBank
BE0003824	RPL13A	23521	DrugBank
BE0009485	MATK	4145	DrugBank
BE0009518	PIP4K2C	79837	DrugBank
BE0002142	SERPINB6	5269	DrugBank
BE0004522	ITPR1	3708	DrugBank
BE0001039	NTRK1	4914	DrugBank
BE0004441	DPH5	51611	DrugBank
BE0003381	CHEK2	11200	DrugBank
BE0004864	ADRA2A	150	DrugBank
BE0000602	GAD2	2572	DrugBank
BE0000777	MUT	4594	DrugBank
BE0001003	MDM2	4193	DrugBank
BE0004445	SMAD2	4087	DrugBank
BE0001515	NT5M	56953	DrugBank
BE0005499	P2RY11	5032	DrugBank
BE0000327	MTNR1B	4544	DrugBank
BE0002561	SULT1B1	27284	DrugBank
BE0004608	SOAT2	8435	DrugBank
BE0008998	NR4A3	8013	DrugBank
BE0000714	CKM	1158	DrugBank
BE0009022	ATP5L	10632	DrugBank
BE0000692	TAT	6898	DrugBank
BE0003496	CD19	930	DrugBank
BE0000392	KYNU	8942	DrugBank
BE0002325	PPP2CB	5516	DrugBank
BE0000919	CXCR4	7852	DrugBank
BE0000143	TUBB	203068	DrugBank
BE0009797			DrugBank
BE0001151	THBD	7056	DrugBank
BE0004555	PCBD1	5092	DrugBank
BE0009082	ITIH4	3700	DrugBank
BE0004146	TYK2	7297	DrugBank
BE0000438	AKR1C4	1109	DrugBank
BE0003617	POLE3	54107	DrugBank
BE0003756	S100A7	6278	DrugBank
BE0009102	IQGAP1	8826	DrugBank
BE0000510	TF	7018	DrugBank
BE0004462	PGAM2	5224	DrugBank
BE0002258	SUCNR1	56670	DrugBank
BE0000914	NEU1	4758	DrugBank
BE0002122	HLA-DQA2	3118	DrugBank
BE0009540	SRMS	6725	DrugBank
BE0009853	MAPK1	5594	DrugBank
BE0001159	SELP	6403	DrugBank
BE0002397	FURIN	5045	DrugBank
BE0002449	TERT	7015	DrugBank
BE0002399	KCNQ4	9132	DrugBank
BE0001193	PDPK1	5170	DrugBank
BE0003378	GPR119	139760	DrugBank
BE0003775	HSPA8	3312	DrugBank
BE0004640	CPQ	10404	DrugBank
BE0000291	HTR1A	3350	DrugBank
BE0009058	IGFALS	3483	DrugBank
BE0005818	SCO1	6341	DrugBank
BE0003377	CD9	928	DrugBank
BE0000866	GP9	2815	DrugBank
BE0009065	LRG1	116844	DrugBank
BE0000896	ALPPL2	251	DrugBank
BE0000076	SEC14L4	284904	DrugBank
BE0000356	CACNA1A	773	DrugBank
BE0004660	KRT12	3859	DrugBank
BE0002708	SNRPA	6626	DrugBank
BE0003510	BCL2L1	598	DrugBank
BE0008960	HNRNPA2B1	3181	DrugBank
BE0001045	SLC2A2	6514	DrugBank
BE0000949	TNFRSF1B	7133	DrugBank
BE0008973	EIF4A1	1973	DrugBank
BE0004802			DrugBank
BE0005835	UTRN	7402	DrugBank
BE0009139	SRSF1	6426	DrugBank
BE0003781	NR1H3	10062	DrugBank
BE0009011	LEF1	51176	DrugBank
BE0000987	TPMT	7172	DrugBank
BE0000723	SLC6A7	6534	DrugBank
BE0000520	ASL	435	DrugBank
BE0004897	PGRMC1	10857	DrugBank
BE0000870	MAP2K1	5604	DrugBank
BE0004941	IMPDH1	3614	DrugBank
BE0004822			DrugBank
BE0004053	EFL1	79631	DrugBank
BE0002338	NARS2	79731	DrugBank
BE0000859	RAMP1	10267	DrugBank
BE0000102	AGXT2	64902	DrugBank
BE0004872	ADRB1	153	DrugBank
BE0004265	IGLV7-43	28776	DrugBank
BE0004862	HTR1A	3350	DrugBank
BE0003503	CPN1	1369	DrugBank
BE0000578	HSD17B8	7923	DrugBank
BE0003266	C8G	733	DrugBank
BE0002358	CACNB3	784	DrugBank
BE0000058	MMP9	4318	DrugBank
BE0002171	SEPSECS	51091	DrugBank
BE0000822	FTCD	10841	DrugBank
BE0009457	LRRK2	120892	DrugBank
BE0001029	IL2	3558	DrugBank
BE0000446	ALDH3B1	221	DrugBank
BE0004828			DrugBank
BE0001341	ITK	3702	DrugBank
BE0001598	NR1H2	7376	DrugBank
BE0003841	ATP5B	506	DrugBank
BE0000178	SLC16A2	6567	DrugBank
BE0001597	COPG1	22820	DrugBank
BE0000718	ALDH3A1	218	DrugBank
BE0000002	HDC	3067	DrugBank
BE0009396	TIE1	7075	DrugBank
BE0002156			DrugBank
BE0002789	S100A11	6282	DrugBank
BE0001123	CPE	1363	DrugBank
BE0000149	LDHC	3948	DrugBank
BE0000210	KCNK2	3776	DrugBank
BE0000889	GGT1	2678	DrugBank
BE0008989	PRNP	5621	DrugBank
BE0003309	PTH	5741	DrugBank
BE0000232	MTTP	4547	DrugBank
BE0000020	DRD1	1812	DrugBank
BE0009525	PRKD1	5587	DrugBank
BE0004887	SRD5A1	6715	DrugBank
BE0009031	PAPPA	5069	DrugBank
BE0000167	LIG3	3980	DrugBank
BE0004353	AKR1B10	57016	DrugBank
BE0000521	EDNRA	1909	DrugBank
BE0003788	DAPK3	1613	DrugBank
BE0001121	HGF	3082	DrugBank
BE0002094	C1QA	712	DrugBank
BE0003374	MAEA	10296	DrugBank
BE0000763	MTRR	4552	DrugBank
BE0002478	SMG6	23293	DrugBank
BE0004874	ATM	472	DrugBank
BE0003567	PTPRS	5802	DrugBank
BE0000752	SLC9A1	6548	DrugBank
BE0009323	NOD2	64127	DrugBank
BE0005803	NOX1	27035	DrugBank
BE0002379	PIK3CA	5290	DrugBank
BE0003554	RORB	6096	DrugBank
BE0000357	H6PD	9563	DrugBank
BE0000043	EDNRB	1910	DrugBank
BE0000665	ACVR1B	91	DrugBank
BE0008643	PCSK9	255738	DrugBank
BE0004807			DrugBank
BE0000652	FOLR3	2352	DrugBank
BE0009345	FGF23	8074	DrugBank
BE0009465	MAP3K13	9175	DrugBank
BE0000117	PTGIS	5740	DrugBank
BE0004623	GGACT	87769	DrugBank
BE0009692	ADSSL1	122622	DrugBank
BE0000581	DRD3	1814	DrugBank
BE0000766	DDAH1	23576	DrugBank
BE0009341			DrugBank
BE0003490	LTB4R	1241	DrugBank
BE0000566	SMOX	54498	DrugBank
BE0009429	DCLK1	9201	DrugBank
BE0009991	CASP9	842	DrugBank
BE0003768	PLA2G2E	30814	DrugBank
BE0000445	MCCC1	56922	DrugBank
BE0003931	PFKFB4	5210	DrugBank
BE0000618	GLDC	2731	DrugBank
BE0009043	CYP26C1	340665	DrugBank
BE0004500	ECHS1	1892	DrugBank
BE0003646	SLC22A7	10864	DrugBank
BE0000570	RDH5	5959	DrugBank
BE0001376	GMPR	2766	DrugBank
BE0001066	SLC22A6	9356	DrugBank
BE0004165	IGHV3-23	28442	DrugBank
BE0000780	MDH2	4191	DrugBank
BE0009523	PLK3	1263	DrugBank
BE0004839			DrugBank
BE0004834			DrugBank
BE0004577	HAO2	51179	DrugBank
BE0009495	MYO3A	53904	DrugBank
BE0003330	QPCT	25797	DrugBank
BE0009120	SRSF4	6429	DrugBank
BE0004584	AANAT	15	DrugBank
BE0000241	ADORA2B	136	DrugBank
BE0000190	SCNN1A	6337	DrugBank
BE0004448	GSPT1	2935	DrugBank
BE0002476	HTATIP2	10553	DrugBank
BE0003585	CHRNA3	1136	DrugBank
BE0001972	PRDX2	7001	DrugBank
BE0002309	PIPOX	51268	DrugBank
BE0009040	USP14	9097	DrugBank
BE0009387	STK35	140901	DrugBank
BE0003823	RPL10L	140801	DrugBank
BE0001207	CAT	847	DrugBank
BE0003404	AURKB	9212	DrugBank
BE0000285	SLC38A3	10991	DrugBank
BE0000469	ABCC9	10060	DrugBank
BE0001317	ACAT2	39	DrugBank
BE0002332	PPIB	5479	DrugBank
BE0002331	PPIH	10465	DrugBank
BE0000841	EPHA2	1969	DrugBank
BE0001273	TGM3	7053	DrugBank
BE0001745	ACADM	34	DrugBank
BE0009406	ULK2	9706	DrugBank
BE0009056	CBX5	23468	DrugBank
BE0000431	CALCR	799	DrugBank
BE0003134	PDE9A	5152	DrugBank
BE0009026	HNRNPK	3190	DrugBank
BE0000328	ME3	10873	DrugBank
BE0000750	ASNA1	439	DrugBank
BE0002151	DDC	1644	DrugBank
BE0000882	GART	2618	DrugBank
BE0003612	CYP3A7	1551	DrugBank
BE0000139	AFG3L2	10939	DrugBank
BE0001103	CALCA	796	DrugBank
BE0000927	SULT1A1	6817	DrugBank
BE0000410	CKMT2	1160	DrugBank
BE0008977	PGAM1	5223	DrugBank
BE0009849	EZH1	2145	DrugBank
BE0003576	ITGAV	3685	DrugBank
BE0009028	HSPE1	3336	DrugBank
BE0000255	RBP3	5949	DrugBank
BE0001854	GLTP	51228	DrugBank
BE0003475	MAP4	4134	DrugBank
BE0000486	SLC6A2	6530	DrugBank
BE0000497	SCNN1G	6340	DrugBank
BE0004631	HCN2	610	DrugBank
BE0003566	TNNC2	7125	DrugBank
BE0003732	ADCY2	108	DrugBank
BE0000309	ALOX15	246	DrugBank
BE0003546	ALPL	249	DrugBank
BE0000669	SLC16A1	6566	DrugBank
BE0009432	DYRK1B	9149	DrugBank
BE0000280	SERPINC1	462	DrugBank
BE0000483	CACNA1G	8913	DrugBank
BE0009502	NUAK1	9891	DrugBank
BE0000184	HSD17B7	51478	DrugBank
BE0000376	NDUFB6	4712	DrugBank
BE0000152	ALDH5A1	7915	DrugBank
BE0001283	LPA	4018	DrugBank
BE0003632	CA11	770	DrugBank
BE0001006	CD40LG	959	DrugBank
BE0004001	DHFR2	200895	DrugBank
BE0009579	HDAC10	83933	DrugBank
BE0003464	IL13	3596	DrugBank
BE0003696	MMP20	9313	DrugBank
BE0004528	EEF1A1	1915	DrugBank
BE0000029	FLT1	2321	DrugBank
BE0008696	PEF1	553115	DrugBank
BE0000783	NNMT	4837	DrugBank
BE0003830	RPL26L1	51121	DrugBank
BE0003811	PPP2R2A	5520	DrugBank
BE0003787	DUSP23	54935	DrugBank
BE0002370	CALCB	797	DrugBank
BE0009609	CACNA1E	777	DrugBank
BE0009078	IGKV1-17	28937	DrugBank
BE0009054	CFI	3426	DrugBank
BE0004314	ALPP	250	DrugBank
BE0002095	C1QB	713	DrugBank
BE0000582	TAS1R3	83756	DrugBank
BE0008980	PDIA3	2923	DrugBank
BE0000881	HDAC9	9734	DrugBank
BE0009533	RIPK4	54101	DrugBank
BE0009472	MAP4K3	8491	DrugBank
BE0003319	KCNC4	3749	DrugBank
BE0000268	MTHFD2	10797	DrugBank
BE0003419	NPEPPS	9520	DrugBank
BE0001188	ABCC4	10257	DrugBank
BE0004817			DrugBank
BE0000662	TSTA3	7264	DrugBank
BE0001072	CDK2	1017	DrugBank
BE0000746	ACSS1	84532	DrugBank
BE0004824			DrugBank
BE0003488	CD4	920	DrugBank
BE0000537	SERPINA7	6906	DrugBank
BE0003912	PSMA3	5684	DrugBank
BE0002337	L3HYPDH	112849	DrugBank
BE0003414	ITGB7	3695	DrugBank
BE0009119	SNRPD2	6633	DrugBank
BE0003835	SNU13	4809	DrugBank
BE0000606	GCLM	2730	DrugBank
BE0009737	PGA5	5222	DrugBank
BE0005770	MT3	4504	DrugBank
BE0000807	GSTM1	2944	DrugBank
BE0000399	FTH1	2495	DrugBank
BE0004508	NSF	4905	DrugBank
BE0003889	PRKCI	5584	DrugBank
BE0004324	CAMK1D	57118	DrugBank
BE0009425	CLK2	1196	DrugBank
BE0003917	PSMB3	5691	DrugBank
BE0004433	CYTH3	9265	DrugBank
BE0004147	CAMK1G	57172	DrugBank
BE0009067	SERPINA4	5267	DrugBank
BE0009743	ASPG	374569	DrugBank
BE0009108	RPL4	6124	DrugBank
BE0004463	SERPINB3	6317	DrugBank
BE0004545	RORA	6095	DrugBank
BE0000345	PRLR	5618	DrugBank
BE0000259	B4GALT1	2683	DrugBank
BE0000844	OXTR	5021	DrugBank
BE0002202	P3H1	64175	DrugBank
BE0001264	SULT2B1	6820	DrugBank
BE0005767	UCHL1	7345	DrugBank
BE0000403	GGCX	2677	DrugBank
BE0003767	SKP1	6500	DrugBank
BE0003529	SSTR3	6753	DrugBank
BE0004242	ARF6	382	DrugBank
BE0001399	PPIF	10105	DrugBank
BE0003277	ARF4	378	DrugBank
BE0000402	CCKAR	886	DrugBank
BE0009918	TACSTD2	4070	DrugBank
BE0009476	MAPK4	5596	DrugBank
BE0009480	MARK2	2011	DrugBank
BE0000091	TOP1MT	116447	DrugBank
BE0000269	ADCY1	107	DrugBank
BE0009382	NIM1K	167359	DrugBank
BE0000344	CYP17A1	1586	DrugBank
BE0009543	STK17A	9263	DrugBank
BE0001164	TLR2	7097	DrugBank
BE0002486	GDNF	2668	DrugBank
BE0004768	ASIC3	9311	DrugBank
BE0002200	PAM	5066	DrugBank
BE0001088	PLAT	5327	DrugBank
BE0000655	MT-ND2	4536	DrugBank
BE0000318	SCTR	6344	DrugBank
BE0003417	CTSK	1513	DrugBank
BE0000310	APAF1	317	DrugBank
BE0001653	CA12	771	DrugBank
BE0002354	CACNB2	783	DrugBank
BE0000778	SGPL1	8879	DrugBank
BE0000094	SLC5A6	8884	DrugBank
BE0000231	ALDH6A1	4329	DrugBank
BE0005827	MGEA5	10724	DrugBank
BE0004118	PFN1	5216	DrugBank
BE0009401	TNNI3K	51086	DrugBank
BE0003945	GNAT1	2779	DrugBank
BE0000378	GAD1	2571	DrugBank
BE0008956	HSPD1	3329	DrugBank
BE0002306	GLYATL2	219970	DrugBank
BE0001005	UQCRC1	7384	DrugBank
BE0004672	F12	2161	DrugBank
BE0009489	MKNK2	2872	DrugBank
BE0000829	GRIA2	2891	DrugBank
BE0000567	GAMT	2593	DrugBank
BE0004530	UBE2D2	7322	DrugBank
BE0000928	F2R	2149	DrugBank
BE0009504	OXSR1	9943	DrugBank
BE0001196	CD40	958	DrugBank
BE0002439	MUC16	94025	DrugBank
BE0002089	COMT	1312	DrugBank
BE0004104	ACAN	176	DrugBank
BE0003613	RRM2B	50484	DrugBank
BE0000077	HPRT1	3251	DrugBank
BE0009789	PDE1B	5153	DrugBank
BE0001687	FHIT	2272	DrugBank
BE0004622	KIF2C	11004	DrugBank
BE0000934	CXCL10	3627	DrugBank
BE0003919	PSMB6	5694	DrugBank
BE0002155			DrugBank
BE0009009	CALCRL	10203	DrugBank
BE0003819	CDK5R1	8851	DrugBank
BE0003420	BCL2L2	599	DrugBank
BE0004238	PPP3CA	5530	DrugBank
BE0004930	C1QBP	708	DrugBank
BE0003201	ANXA3	306	DrugBank
BE0004641	PRDX6	9588	DrugBank
BE0000491	IARS	3376	DrugBank
BE0001656	ST14	6768	DrugBank
BE0004741	DDR2	4921	DrugBank
BE0001025	GP1BA	2811	DrugBank
BE0001169	MAP1A	4130	DrugBank
BE0002203	OGFOD2	79676	DrugBank
BE0000452	SSTR1	6751	DrugBank
BE0002345	GABRB3	2562	DrugBank
BE0004247	PVR	5817	DrugBank
BE0003466	RRBP1	6238	DrugBank
BE0005829	OBP2A	29991	DrugBank
BE0000907	PRDX5	25824	DrugBank
BE0004563	SPINK6	404203	DrugBank
BE0000388	SRR	63826	DrugBank
BE0000407	MAT1A	4143	DrugBank
BE0004731	PTK6	5753	DrugBank
BE0004461	PGM1	5236	DrugBank
BE0000207	ABCC8	6833	DrugBank
BE0001044	TAAR1	134864	DrugBank
BE0008979	AFM	173	DrugBank
BE0000387	FSHR	2492	DrugBank
BE0000329	HSD11B1	3290	DrugBank
BE0000443	CYP27B1	1594	DrugBank
BE0000003	GLS2	27165	DrugBank
BE0000365	GRIN1	2902	DrugBank
BE0003281	NME2	4831	DrugBank
BE0004827			DrugBank
BE0002115	CSF2RB	1439	DrugBank
BE0009061	KRT1	3848	DrugBank
BE0000517	BCAT1	586	DrugBank
BE0004841	SLC52A2	79581	DrugBank
BE0001014	PPIA	5478	DrugBank
BE0004523	CEL	1056	DrugBank
BE0000311	HTR3A	3359	DrugBank
BE0003701	MMP26	56547	DrugBank
BE0004087	UBC	7316	DrugBank
BE0004255	ARPC5	10092	DrugBank
BE0004111	LCTL	197021	DrugBank
BE0002328	IARS2	55699	DrugBank
BE0004936	HAPLN4	404037	DrugBank
BE0000931	ART1	417	DrugBank
BE0009936	ELOVL2	54898	DrugBank
BE0002213	ALKBH3	221120	DrugBank
BE0002149	PLPBP	11212	DrugBank
BE0000484	ATP5D	513	DrugBank
BE0004816			DrugBank
BE0004533	RAB5A	5868	DrugBank
BE0002175	MMACHC	25974	DrugBank
BE0000936	CUBN	8029	DrugBank
BE0003468	KISS1R	84634	DrugBank
BE0001185	CRYZ	1429	DrugBank
BE0004636	EIF2S3	1968	DrugBank
BE0003814	ARF1	375	DrugBank
BE0004746	ANO1	55107	DrugBank
BE0000390	SNAP25	6616	DrugBank
BE0000970	IGFBP3	3486	DrugBank
BE0001046	ELN	2006	DrugBank
BE0008719	DGAT2	84649	DrugBank
BE0004459	CS	1431	DrugBank
BE0002854	APOH	350	DrugBank
BE0000846	CD86	942	DrugBank
BE0003603	KCND2	3751	DrugBank
BE0000772	TNK2	10188	DrugBank
BE0002420	IL4R	3566	DrugBank
BE0009684	MC5R	4161	DrugBank
BE0004655	CHUK	1147	DrugBank
BE0000301	RBP1	5947	DrugBank
BE0000993	SV2A	9900	DrugBank
BE0009979			DrugBank
BE0004281	EEF2	1938	DrugBank
BE0005820	FGF19	9965	DrugBank
BE0004566	IL4I1	259307	DrugBank
BE0008700	NUCB1	4924	DrugBank
BE0000720	GAPDHS	26330	DrugBank
BE0009522	PLK2	10769	DrugBank
BE0000732	ATP1A1	476	DrugBank
BE0008659	TRHR	7201	DrugBank
BE0000971	TOP1	7150	DrugBank
BE0000642	MMP2	4313	DrugBank
BE0002240	GLUL	2752	DrugBank
BE0009411	ANKK1	255239	DrugBank
BE0004630	MASP2	10747	DrugBank
BE0004382	MED1	5469	DrugBank
BE0000640	GRIA1	2890	DrugBank
BE0004550	ENO2	2026	DrugBank
BE0001284	BTK	695	DrugBank
BE0003619	GABRR3	200959	DrugBank
BE0000353	ASIC1	41	DrugBank
BE0004042	CAMK4	814	DrugBank
BE0000297	LDHAL6A	160287	DrugBank
BE0009407	ULK3	25989	DrugBank
BE0004581	SMARCA5	8467	DrugBank
BE0000380	PROC	5624	DrugBank
BE0005812	PDCD6	10016	DrugBank
BE0004341	IGKV2D-28	28883	DrugBank
BE0000716	POLA2	23649	DrugBank
BE0003920	PSMB7	5695	DrugBank
BE0009159	TRPV4	59341	DrugBank
BE0000068	LDHB	3945	DrugBank
BE0001189	GSTM2	2946	DrugBank
BE0000485	NDUFV1	4723	DrugBank
BE0002374	HIF1A	3091	DrugBank
BE0000211	PLG	5340	DrugBank
BE0000248	ALOX5	240	DrugBank
BE0000507	TPO	7173	DrugBank
BE0009381	COQ8A	56997	DrugBank
BE0001067	ABCG2	9429	DrugBank
BE0000089	NDUFS5	4725	DrugBank
BE0001030	KCNJ6	3763	DrugBank
BE0002093	C1R	715	DrugBank
BE0004166	DSTN	11034	DrugBank
BE0003790	MAPK8	5599	DrugBank
BE0003518	TLR8	51311	DrugBank
BE0004836			DrugBank
BE0009064	KRT9	3857	DrugBank
BE0009424	CIT	11113	DrugBank
BE0009459	MAP2K3	5606	DrugBank
BE0001027	CCND1	595	DrugBank
BE0003750	PPP2R1A	5518	DrugBank
BE0009034	SF3A3	10946	DrugBank
BE0004574	ERO1B	56605	DrugBank
BE0002386	MTOR	2475	DrugBank
BE0004420	NMRAL1	57407	DrugBank
BE0002285	GSTM5	2949	DrugBank
BE0004348	PDK2	5164	DrugBank
BE0000236	SLC1A5	6510	DrugBank
BE0000534	GRIN3B	116444	DrugBank
BE0008972	EIF6	3692	DrugBank
BE0003867			DrugBank
BE0000274	CD3E	916	DrugBank
BE0003774	BAG1	573	DrugBank
BE0003077	PGLYRP3	114771	DrugBank
BE0001388	TUBA1C	84790	DrugBank
BE0000978	GBA	2629	DrugBank
BE0000574	HMGCR	3156	DrugBank
BE0000830	GRIA4	2893	DrugBank
BE0009513	PI4KB	5298	DrugBank
BE0000341	GRK2	156	DrugBank
BE0004171	PMP2	5375	DrugBank
BE0000385	IFNAR2	3455	DrugBank
BE0002458	SERPING1	710	DrugBank
BE0000074	NR0B1	190	DrugBank
BE0001032	ABCB1	5243	DrugBank
BE0000968	HRH3	11255	DrugBank
BE0004605	SCLY	51540	DrugBank
BE0000856	PLIN3	10226	DrugBank
BE0009520	PKN1	5585	DrugBank
BE0000246	BCL2	596	DrugBank
BE0000016	F8	2157	DrugBank
BE0009385	TEC	7006	DrugBank
BE0005015	AS3MT	57412	DrugBank
BE0000372	GNMT	27232	DrugBank
BE0001967	FABP6	2172	DrugBank
BE0001162	CASP3	836	DrugBank
BE0001145	MGMT	4255	DrugBank
BE0000198	KARS	3735	DrugBank
BE0003323	PDE1B	5153	DrugBank
BE0003397	TUBA3E	112714	DrugBank
BE0000046	PKLR	5313	DrugBank
BE0009507	PAK3	5063	DrugBank
BE0002160	DDC	1644	DrugBank
BE0000884	SLC1A2	6506	DrugBank
BE0000678	ASIC2	40	DrugBank
BE0008669			DrugBank
BE0009738	SCN1A	6323	DrugBank
BE0003479	TNFRSF8	943	DrugBank
BE0000554	ALDH1A1	216	DrugBank
BE0003555	EPX	8288	DrugBank
BE0002419	NPY2R	4887	DrugBank
BE0000792	ESR2	2100	DrugBank
BE0001717	PARP1	142	DrugBank
BE0003792	CAMK2B	816	DrugBank
BE0004469	VIM	7431	DrugBank
BE0009500	NEK9	91754	DrugBank
BE0009012	CDKN1A	1026	DrugBank
BE0003963	CHRFAM7A	89832	DrugBank
BE0000657	PLA2G4A	5321	DrugBank
BE0002230	ASRGL1	80150	DrugBank
BE0000890	CDK5	1020	DrugBank
BE0000935	PCTP	58488	DrugBank
BE0000533	HTR2C	3358	DrugBank
BE0003405	FOLR1	2348	DrugBank
BE0000880	AQP1	358	DrugBank
BE0009462	MAP3K10	4294	DrugBank
BE0000317	HSD17B10	3028	DrugBank
BE0000705	CYSLTR1	10800	DrugBank
BE0000490	TSHR	7253	DrugBank
BE0000809	GSTA3	2940	DrugBank
BE0004438	RPIA	22934	DrugBank
BE0000523	GABRA3	2556	DrugBank
BE0000424	OAT	4942	DrugBank
BE0009437	EPHA3	2042	DrugBank
BE0003316	AXIN1	8312	DrugBank
BE0000527	GCGR	2642	DrugBank
BE0009535	SBK1	388228	DrugBank
BE0005510	ADGRD1	283383	DrugBank
BE0002111	LAMA3	3909	DrugBank
BE0000225	PYCR1	5831	DrugBank
BE0003455	C3	718	DrugBank
BE0005013	ACTG1	71	DrugBank
BE0000503	MT-ND1	4535	DrugBank
BE0009417	CAMK1	8536	DrugBank
BE0005819	NOLC1	9221	DrugBank
BE0000538	FGA	2243	DrugBank
BE0000272	MT-ND4L	4539	DrugBank
BE0002164	PHYKPL	85007	DrugBank
BE0004027	PNLIPRP2	5408	DrugBank
BE0000440	SLC16A7	9194	DrugBank
BE0008953	NR2F1	7025	DrugBank
BE0000187	ASPA	443	DrugBank
BE0002376	CLCNKA	1187	DrugBank
BE0004501	GLT6D1	360203	DrugBank
BE0003627	CA5B	11238	DrugBank
BE0009110	RPS17	6218	DrugBank
BE0002154			DrugBank
BE0008985	PI4K2B	55300	DrugBank
BE0003389	CCL11	6356	DrugBank
BE0003861	UQCR10	29796	DrugBank
BE0000028	FARS2	10667	DrugBank
BE0000810	GSTM3	2947	DrugBank
BE0003754	ADAM17	6868	DrugBank
BE0009478	MAPKAPK5	8550	DrugBank
BE0001425	TUBA3C	7278	DrugBank
BE0000789	SLC7A8	23428	DrugBank
BE0008994	TP73	7161	DrugBank
BE0009501	NTRK3	4916	DrugBank
BE0008997	CMTR1	23070	DrugBank
BE0003498	COL4A4	1286	DrugBank
BE0009508	PAK4	10298	DrugBank
BE0009272	BMPR1A	657	DrugBank
BE0010000			DrugBank
BE0000449	SLC16A3	9123	DrugBank
BE0004940	HABP2	3026	DrugBank
BE0000493	NDUFS1	4719	DrugBank
BE0000119	ABCA1	19	DrugBank
BE0001009	CYCS	54205	DrugBank
BE0009375	ELOVL5	60481	DrugBank
BE0009474	MAP4K5	11183	DrugBank
BE0003393	PDE2A	5138	DrugBank
BE0000515	MTNR1A	4543	DrugBank
BE0000337	TTR	7276	DrugBank
BE0002322	RDH14	57665	DrugBank
BE0000668	NR3C2	4306	DrugBank
BE0004554	CCT3	7203	DrugBank
BE0008711	CALR3	125972	DrugBank
BE0000761	IMPDH1	3614	DrugBank
BE0002145	SPARC	6678	DrugBank
BE0003461	TNFRSF11A	8792	DrugBank
BE0000911	CCR5	1234	DrugBank
BE0009742	MMP25	64386	DrugBank
BE0004714	SH2B3	10019	DrugBank
BE0009447	HIPK2	28996	DrugBank
BE0002108	LAMA1	284217	DrugBank
BE0003957	PAEP	5047	DrugBank
BE0000887	CTLA4	1493	DrugBank
BE0003181	TRAPPC3	27095	DrugBank
BE0000182	PDE5A	8654	DrugBank
BE0002148	PREP	5550	DrugBank
BE0003549	CYP2B6	1555	DrugBank
BE0001192	GRM5	2915	DrugBank
BE0000177	SCN10A	6336	DrugBank
BE0004446	PRMT3	10196	DrugBank
BE0000261	NT5C2	22978	DrugBank
BE0003832	RPL37	6167	DrugBank
BE0003598	GABRR2	2570	DrugBank
BE0004782	SLC22A12	116085	DrugBank
BE0001063	TRIM13	10206	DrugBank
BE0000271	FOLR2	2350	DrugBank
BE0004842			DrugBank
BE0000545	NDUFAB1	4706	DrugBank
BE0005816	HEPHL1	341208	DrugBank
BE0002409	PLA2G7	7941	DrugBank
BE0001074	SELE	6401	DrugBank
BE0002130	COL3A1	1281	DrugBank
BE0003596	GABRP	2568	DrugBank
BE0002316	PADI2	11240	DrugBank
BE0001534	METAP2	10988	DrugBank
BE0002451	NPY1R	4886	DrugBank
BE0002481	CSF2	1437	DrugBank
BE0004810			DrugBank
BE0002110	LRP1	4035	DrugBank
BE0000299	SORD	6652	DrugBank
BE0009153	GPR12	2835	DrugBank
BE0001287	PDE4D	5144	DrugBank
BE0000460	HTR1F	3355	DrugBank
BE0009099	FLNA	2316	DrugBank
BE0005533	SELENOP	6414	DrugBank
BE0000258	SLC25A2	83884	DrugBank
BE0002177	MTFMT	123263	DrugBank
BE0003758	CELA1	1990	DrugBank
BE0009455	LATS1	9113	DrugBank
BE0004724	KCNC2	3747	DrugBank
BE0003572	RHOB	388	DrugBank
BE0009426	CLK4	57396	DrugBank
BE0001924	RNASE4	6038	DrugBank
BE0002143	PPP3R2	5535	DrugBank
BE0000348	MT-ND6	4541	DrugBank
BE0009380	RPS6KA6	27330	DrugBank
BE0003142	GLIPR2	152007	DrugBank
BE0000819	GSTZ1	2954	DrugBank
BE0009798	NECTIN4	81607	DrugBank
BE0004467	MB	4151	DrugBank
BE0000586	EHHADH	1962	DrugBank
BE0001184	NQO1	1728	DrugBank
BE0000455	HPD	3242	DrugBank
BE0001832	NMNAT3	349565	DrugBank
BE0002270	SLC1A6	6511	DrugBank
BE0003486	IL15	3600	DrugBank
BE0001142	PGGT1B	5229	DrugBank
BE0000900	LRAT	9227	DrugBank
BE0003522	PTGER4	5734	DrugBank
BE0000070	PLA2G10	8399	DrugBank
BE0005467	CLEC14A	161198	DrugBank
BE0001056	GCK	2645	DrugBank
BE0000595	BLVRB	645	DrugBank
BE0003384	EDN1	1906	DrugBank
BE0002431	FBP1	2203	DrugBank
BE0000736	TSPO	706	DrugBank
BE0008995	HTT	3064	DrugBank
BE0004514	HNF1A	6927	DrugBank
BE0000812	GSTM4	2948	DrugBank
BE0003090	PTK2	5747	DrugBank
BE0000596	NDUFB9	4715	DrugBank
BE0001893	TBXAS1	6916	DrugBank
BE0000134	LHCGR	3973	DrugBank
BE0003798	PARP2	10038	DrugBank
BE0002411	RET	5979	DrugBank
BE0002335	PYCR2	29920	DrugBank
BE0009392	TAOK1	57551	DrugBank
BE0000711	IFNGR1	3459	DrugBank
BE0000820	GPX5	2880	DrugBank
BE0000923	MAPK1	5594	DrugBank
BE0000138	DBH	1621	DrugBank
BE0004250	ACTR2	10097	DrugBank
BE0009438	EPHA4	2043	DrugBank
BE0004852	GRIN1	2902	DrugBank
BE0000165	AVPR1A	552	DrugBank
BE0000457	ENPP1	5167	DrugBank
BE0004809			DrugBank
BE0009456	LIMK2	3985	DrugBank
BE0004224	CEACAM5	1048	DrugBank
BE0000220	NQO2	4835	DrugBank
BE0001021	F11	2160	DrugBank
BE0001099	PTDSS1	9791	DrugBank
BE0002833	ATOX1	475	DrugBank
BE0001840	CFD	1675	DrugBank
BE0000197	SCN5A	6331	DrugBank
BE0000130	HBA1	3039	DrugBank
BE0001095	GJA1	2697	DrugBank
BE0000136	SLC7A3	84889	DrugBank
BE0002340	GABBR2	9568	DrugBank
BE0003160	PPP5C	5536	DrugBank
BE0001480	UCK2	7371	DrugBank
BE0003565	PDE1A	5136	DrugBank
BE0009680	CD79B	974	DrugBank
BE0004529	PRSS2	5645	DrugBank
BE0000215	PPARG	5468	DrugBank
BE0009666	GLRA1	2741	DrugBank
BE0003557	PDE6H	5149	DrugBank
BE0009334	MRC1	4360	DrugBank
BE0003730	ADAMTS5	11096	DrugBank
BE0009021	ATP5I	521	DrugBank
BE0000942	LRP2	4036	DrugBank
BE0002412	RAD51	5888	DrugBank
BE0002456	UPP1	7378	DrugBank
BE0009111	RPS18	6222	DrugBank
BE0004881	HTR2A	3356	DrugBank
BE0009546			DrugBank
BE0009155	DAGLA	747	DrugBank
BE0003695	MMP19	4327	DrugBank
BE0009790			DrugBank
BE0003408	BIRC5	332	DrugBank
BE0001175	PSAP	5660	DrugBank
BE0004825			DrugBank
BE0001002	AOC3	8639	DrugBank
BE0000984	TGFB1	7040	DrugBank
BE0009416	BMX	660	DrugBank
BE0000710	FCGR1A	2209	DrugBank
BE0004151	UGT3A1	133688	DrugBank
BE0001087	LTA	4049	DrugBank
BE0008981	TFF1	7031	DrugBank
BE0000623	PTPN1	5770	DrugBank
BE0008992	CSTB	1476	DrugBank
BE0003958	CSNK1G3	1456	DrugBank
BE0004957	HTR2A	3356	DrugBank
BE0001447	PPP1CC	5501	DrugBank
BE0009373			DrugBank
BE0004772	ERBB4	2066	DrugBank
BE0000112	HRH2	3274	DrugBank
BE0003984	CSNK2A2	1459	DrugBank
BE0000441	SPTLC1	10558	DrugBank
BE0009083	JCHAIN	3512	DrugBank
BE0002113	NID1	4811	DrugBank
BE0008880	APOC3	345	DrugBank
BE0003457	CD3G	917	DrugBank
BE0002394	IKBKG	8517	DrugBank
BE0003533	CYP2E1	1571	DrugBank
BE0000202	NAE1	8883	DrugBank
BE0001861	TGFBR2	7048	DrugBank
BE0000487	PDE4B	5142	DrugBank
BE0000858	IGF1R	3480	DrugBank
BE0009093	APLP2	334	DrugBank
BE0003623	IGF2R	3482	DrugBank
BE0009496	NEK1	4750	DrugBank
BE0003459	MSLN	10232	DrugBank
BE0001149	DHPS	1725	DrugBank
BE0009045	PCNA	5111	DrugBank
BE0000848	MC2R	4158	DrugBank
BE0000296	PTGDR	5729	DrugBank
BE0008685	SLC11A2	4891	DrugBank
BE0000017	PTGS1	5742	DrugBank
BE0004122	ENOPH1	58478	DrugBank
BE0004020	VLDLR	7436	DrugBank
BE0000293	AVPR2	554	DrugBank
BE0000625	GHRHR	2692	DrugBank
BE0004756	KEAP1	9817	DrugBank
BE0000501	ADRA1A	148	DrugBank
BE0002137	VAMP2	6844	DrugBank
BE0000148	ME2	4200	DrugBank
BE0000196	MT-ND3	4537	DrugBank
BE0004733	SLC6A11	6538	DrugBank
BE0000090	KCNH2	3757	DrugBank
BE0003633	CA13	377677	DrugBank
BE0003910	PSMA1	5682	DrugBank
BE0003262	PLEKHA1	59338	DrugBank
BE0008698	CIB2	10518	DrugBank
BE0009399	TNIK	23043	DrugBank
BE0004330	PDK3	5165	DrugBank
BE0000550	NDUFA2	4695	DrugBank
BE0009665	SOST	50964	DrugBank
BE0004155			DrugBank
BE0005817	NEIL2	252969	DrugBank
BE0002444	FDFT1	2222	DrugBank
BE0002385	PRKDC	5591	DrugBank
BE0000685	SHBG	6462	DrugBank
BE0001521	GALE	2582	DrugBank
BE0003552	CXCR1	3577	DrugBank
BE0000808	GSTK1	373156	DrugBank
BE0008709	CAPS	828	DrugBank
BE0002231	ADSSL1	122622	DrugBank
BE0001077	PLA2G6	8398	DrugBank
BE0000573	ACADSB	36	DrugBank
BE0003628	CA6	765	DrugBank
BE0000877	CRP	1401	DrugBank
BE0000874	CTPS1	1503	DrugBank
BE0000994	LTF	4057	DrugBank
BE0004249	ARPC1B	10095	DrugBank
BE0003493	JAK3	3718	DrugBank
BE0009123	ZYX	7791	DrugBank
BE0009088	KRT6A	3853	DrugBank
BE0000947	POMC	5443	DrugBank
BE0003438	CHRNA7	1139	DrugBank
BE0001529	C1S	716	DrugBank
BE0009415	BMPR1B	658	DrugBank
BE0005098	IGHM	3507	DrugBank
BE0000700	FPGS	2356	DrugBank
BE0000715	ADRA1D	146	DrugBank
BE0000451	HTR2A	3356	DrugBank
BE0009035	SMARCE1	6605	DrugBank
BE0001466	LSS	4047	DrugBank
BE0001036	IL3RA	3563	DrugBank
BE0004797	GABRA1	2554	DrugBank
BE0002195	PLOD3	8985	DrugBank
BE0000183	CD22	933	DrugBank
BE0000254	PRKAB1	5564	DrugBank
BE0004775	SLC29A4	222962	DrugBank
BE0004659	SMO	6608	DrugBank
BE0002348	PSMB5	5693	DrugBank
BE0009530	RIOK3	8780	DrugBank
BE0000985	CTNNB1	1499	DrugBank
BE0002423	NOXO1	124056	DrugBank
BE0003791	TTK	7272	DrugBank
BE0000358	PPP3R1	5534	DrugBank
BE0002179	PLD2	5338	DrugBank
BE0008668	GABRA1	2554	DrugBank
BE0000326	FGF4	2249	DrugBank
BE0002432	S1PR5	53637	DrugBank
BE0000418	CALM1	801	DrugBank
BE0004612	IGSF10	285313	DrugBank
BE0000687	THRA	7067	DrugBank
BE0008982	SERPINB9	5272	DrugBank
BE0004145	JAK1	3716	DrugBank
BE0009044	CYP26B1	56603	DrugBank
BE0002341	CHRNA7	1139	DrugBank
BE0002442	TLR4	7099	DrugBank
BE0000770	OPRM1	4988	DrugBank
BE0001073	PFKFB1	5207	DrugBank
BE0009049	APOA4	337	DrugBank
BE0002158	ALAS1	211	DrugBank
BE0001089	G6PD	2539	DrugBank
BE0004689	MYC	4609	DrugBank
BE0001134	SLC15A2	6565	DrugBank
BE0004277	TRAPPC5	126003	DrugBank
BE0000041	F5	2153	DrugBank
BE0002221	TMLHE	55217	DrugBank
BE0004606	VCAN	1462	DrugBank
BE0009448	HIPK3	10114	DrugBank
BE0004527	IDH2	3418	DrugBank
BE0004486	DNTT	1791	DrugBank
BE0002263	B4GALT4	8702	DrugBank
BE0004350	S100A4	6275	DrugBank
BE0009916	SEMG2	6407	DrugBank
BE0002389	RHD	6007	DrugBank
BE0000917	GRB2	2885	DrugBank
BE0000767	EGFR	1956	DrugBank
BE0004637	SCMH1	22955	DrugBank
BE0004796			DrugBank
BE0002363	CYP2D6	1565	DrugBank
BE0001167	HPGDS	27306	DrugBank
BE0009060	ITIH2	3698	DrugBank
BE0002181	PLD1	5337	DrugBank
BE0009963	PDE4A	5141	DrugBank
BE0004813			DrugBank
BE0003635	SCN1B	6324	DrugBank
BE0003463	TNFRSF9	3604	DrugBank
BE0003415	IL23A	51561	DrugBank
BE0002180	BCHE	590	DrugBank
BE0008694	FBN2	2201	DrugBank
BE0008697	TPT1	7178	DrugBank
BE0000276	SLC12A7	10723	DrugBank
BE0000794	NR3C1	2908	DrugBank
BE0009588	PRKCG	5582	DrugBank
BE0000726	RDH12	145226	DrugBank
BE0005852	APOBR	55911	DrugBank
BE0001186	TRPM8	79054	DrugBank
BE0003990	COX6C	1345	DrugBank
BE0009097	ATP5O	539	DrugBank
BE0009585	HTR3D	200909	DrugBank
BE0004049	PARP3	10039	DrugBank
BE0001505	PITPNA	5306	DrugBank
BE0009073	DCD	117159	DrugBank
BE0002330	PRODH	5625	DrugBank
BE0003480	CYP26A1	1592	DrugBank
BE0000048	F2	2147	DrugBank
BE0000765	CLCN2	1181	DrugBank
BE0003839	ERN1	2081	DrugBank
BE0009421	CDC42BPG	55561	DrugBank
BE0001019	MAPK14	1432	DrugBank
BE0000171	CKMT1A	548596	DrugBank
BE0004905	KCNJ1	3758	DrugBank
BE0001154	IKBKB	3551	DrugBank
BE0003640	ABCC6	368	DrugBank
BE0009422	CDKL1	8814	DrugBank
BE0000400	ADH1B	125	DrugBank
BE0002281	GSTA1	2938	DrugBank
BE0000194	HSD17B1	3292	DrugBank
BE0004778	MT1A	4489	DrugBank
BE0001150	CXCL12	6387	DrugBank
BE0000146	HRH4	59340	DrugBank
BE0000944	IFNG	3458	DrugBank
BE0008954	MPG	4350	DrugBank
BE0008663	IL12B	3593	DrugBank
BE0004624	TRPM7	54822	DrugBank
BE0002418	NPY4R	5540	DrugBank
BE0003796	NEK2	4751	DrugBank
BE0009524	PLK4	10733	DrugBank
BE0000421	CYP4A11	1579	DrugBank
BE0009442	EPHB6	2051	DrugBank
BE0008978	RANBP1	5902	DrugBank
BE0001424	HCK	3055	DrugBank
BE0004064	MAPKAPK3	7867	DrugBank
BE0009927	CHRNA10	57053	DrugBank
BE0000962	GLO1	2739	DrugBank
BE0004083	S100G	795	DrugBank
BE0000641	GRIN3A	116443	DrugBank
BE0000632	OPRK1	4986	DrugBank
BE0002212	CDK6	1021	DrugBank
BE0000734	MTR	4548	DrugBank
BE0000295	NDUFB4	4710	DrugBank
BE0003553	ASMT	438	DrugBank
BE0009710	KCNJ2	3759	DrugBank
BE0001173	CYB5A	1528	DrugBank
BE0003860	UQCRB	7381	DrugBank
BE0002215	KDM5D	8284	DrugBank
BE0003697	MMP21	118856	DrugBank
BE0000609	PDHA2	5161	DrugBank
BE0001845	SERPINB5	5268	DrugBank
BE0004571	BCKDK	10295	DrugBank
BE0004473	UMPS	7372	DrugBank
BE0004457	AMY2B	280	DrugBank
BE0003778	TRAC	28755	DrugBank
BE0003711	TUBD1	51174	DrugBank
BE0000038	FARSA	2193	DrugBank
BE0002318	AARS2	57505	DrugBank
BE0004094	MVK	4598	DrugBank
BE0001180	FN1	2335	DrugBank
BE0003721	AHR	196	DrugBank
BE0000613	LCMT2	9836	DrugBank
BE0009057	HPR	3250	DrugBank
BE0003371	TIMP3	7078	DrugBank
BE0000551	MT-ND4	4538	DrugBank
BE0009157	NAPEPLD	222236	DrugBank
BE0001007	PPARD	5467	DrugBank
BE0004583	KAT2A	2648	DrugBank
BE0000706	PDE7A	5150	DrugBank
BE0000473	NDUFA5	4698	DrugBank
BE0000007	PYGL	5836	DrugBank
BE0000929	CD55	1604	DrugBank
BE0003594	GABRG3	2567	DrugBank
BE0009087	KRT5	3852	DrugBank
BE0008967	RACK1	10399	DrugBank
BE0009812	PPARGC1B	133522	DrugBank
BE0003570	GGPS1	9453	DrugBank
BE0001143	SCN9A	6335	DrugBank
BE0000709	SLC25A5	292	DrugBank
BE0000828	GRIK5	2901	DrugBank
BE0000467	IFNGR2	3460	DrugBank
BE0003659	SLCO1B3	28234	DrugBank
BE0003588	CHRNB3	1142	DrugBank
BE0003223	ANTXR2	118429	DrugBank
BE0009629	KCNH2	3757	DrugBank
BE0009967	ITGAX	3687	DrugBank
BE0000977	IRS1	3667	DrugBank
BE0004329	NMT1	4836	DrugBank
BE0004896	PGRMC1	10857	DrugBank
BE0004254	ARPC4	10093	DrugBank
BE0004470	PVALB	5816	DrugBank
BE0009510	PAK5	57144	DrugBank
BE0000572	ADRA2B	151	DrugBank
BE0009449	ICK	22858	DrugBank
BE0002235	PFAS	5198	DrugBank
BE0001684	AHCY	191	DrugBank
BE0001260	TK1	7083	DrugBank
BE0008710	CADPS2	93664	DrugBank
BE0000512	NDUFB7	4713	DrugBank
BE0001316	SYK	6850	DrugBank
BE0001926	GNLY	10578	DrugBank
BE0002447	MC1R	4157	DrugBank
BE0002425	TOP2B	7155	DrugBank
BE0000012	CACNA1I	8911	DrugBank
BE0001826	CASP7	840	DrugBank
BE0000287	ALDH9A1	223	DrugBank
BE0004815			DrugBank
BE0003538	UGT1A9	54600	DrugBank
BE0000067	NOS1	4842	DrugBank
BE0009106	RPL18	6141	DrugBank
BE0002468	VDAC1	7416	DrugBank
BE0009935	DGKA	1606	DrugBank
BE0003993	COX8A	1351	DrugBank
BE0002804	DCK	1633	DrugBank
BE0000648	GSR	2936	DrugBank
BE0001016	ROCK1	6093	DrugBank
BE0003859	UQCR11	10975	DrugBank
BE0009697	PDE4A	5141	DrugBank
BE0000253	ABAT	18	DrugBank
BE0000845	BHMT	635	DrugBank
BE0000818	GSTT1	2952	DrugBank
BE0004895	PRKCA	5578	DrugBank
BE0004507	CYB5R1	51706	DrugBank
BE0002422	GLA	2717	DrugBank
BE0004471	ELSPBP1	64100	DrugBank
BE0001203	FGFR4	2264	DrugBank
BE0009679	EPAS1	2034	DrugBank
BE0004481	SFTPA1	653509	DrugBank
BE0009541	STK10	6793	DrugBank
BE0001825	HAGH	3029	DrugBank
BE0000249	SLC6A1	6529	DrugBank
BE0000864	CACNA1H	8912	DrugBank
BE0002683	KAT2B	8850	DrugBank
BE0002842	ZFY	7544	DrugBank
BE0009923	CCK	885	DrugBank
BE0001082	CDK1	983	DrugBank
BE0004698	GANAB	23193	DrugBank
BE0001340	TUBA1A	7846	DrugBank
BE0000708	KCNJ11	3767	DrugBank
BE0000879	SLC22A11	55867	DrugBank
BE0000975	CCL5	6352	DrugBank
BE0004958	HTR1A	3350	DrugBank
BE0001069	ABCC2	1244	DrugBank
BE0000066	MS4A1	931	DrugBank
BE0000128	HIBADH	11112	DrugBank
BE0009002	CPNE1	8904	DrugBank
BE0000078	RXRB	6257	DrugBank
BE0000651	IL2RB	3560	DrugBank
BE0002347	PSMB1	5689	DrugBank
BE0004119			DrugBank
BE0009095	KHSRP	8570	DrugBank
BE0002323	RDH8	50700	DrugBank
BE0000354	ADORA3	140	DrugBank
BE0009122	TAGLN2	8407	DrugBank
BE0009414	BMP2K	55589	DrugBank
BE0004502	KCNA4	3739	DrugBank
BE0003645	SLC22A8	9376	DrugBank
BE0000294	AARS	16	DrugBank
BE0002513	WAS	7454	DrugBank
BE0000331	SHMT1	6470	DrugBank
BE0000904	CAST	831	DrugBank
BE0005864	HCRTR1	3061	DrugBank
BE0001629	UROD	7389	DrugBank
BE0000284	NDUFB3	4709	DrugBank
BE0004879	ORM1	5004	DrugBank
BE0002815	IGHG1	3500	DrugBank
BE0000599	SLC25A4	291	DrugBank
BE0000967	TFPI	7035	DrugBank
BE0003195	ARSA	410	DrugBank
BE0001710	RAB9A	9367	DrugBank
BE0001070	SST	6750	DrugBank
BE0004579	SNX3	8724	DrugBank
BE0003742	NRIP1	8204	DrugBank
BE0002193	TYMP	1890	DrugBank
BE0009400	TNK1	8711	DrugBank
BE0000073	AASS	10157	DrugBank
BE0001051	IL1B	3553	DrugBank
BE0008667	HDAC1	3065	DrugBank
BE0003918	PSMB4	5692	DrugBank
BE0000703	ABCB11	8647	DrugBank
BE0005577			DrugBank
BE0000814	GSTP1	2950	DrugBank
BE0004923	KCNJ11	3767	DrugBank
BE0002302	GCSH	2653	DrugBank
BE0003789	MAPK8IP1	9479	DrugBank
BE0009445	GAK	2580	DrugBank
BE0002159	GAD2	2572	DrugBank
BE0004117	METAP1	23173	DrugBank
BE0004077	CDK16	5127	DrugBank
BE0003516	CETP	1071	DrugBank
BE0008974	YWHAB	7529	DrugBank
BE0009794	DMD	1756	DrugBank
BE0000023	FLT4	2324	DrugBank
BE0002091	FGB	2244	DrugBank
BE0003712	TUBE1	51175	DrugBank
BE0009515	PIK3C2G	5288	DrugBank
BE0004562	RALA	5898	DrugBank
BE0000921	IAPP	3375	DrugBank
BE0000437	CDK15	65061	DrugBank
BE0009344			DrugBank
BE0000336	HSD17B3	3293	DrugBank
BE0002851	PMS2	5395	DrugBank
BE0000099	CYSLTR2	57105	DrugBank
BE0000909	SPR	6697	DrugBank
BE0009469	MAP3K6	9064	DrugBank
BE0000349	ATP4A	495	DrugBank
BE0004164	IGKV1D-33	28896	DrugBank
BE0004877	EBP	10682	DrugBank
BE0001068	VTN	7448	DrugBank
BE0002440	KLKB1	3818	DrugBank
BE0009503	NUAK2	81788	DrugBank
BE0000193	ALDH3B2	222	DrugBank
BE0004041	SLK	9748	DrugBank
BE0000671	ASS1	445	DrugBank
BE0004946	MYLK2	85366	DrugBank
BE0002210	OGFOD1	55239	DrugBank
BE0002480	PTGES3	10728	DrugBank
BE0001008	LGALS7	3963	DrugBank
BE0009103	NPM1	4869	DrugBank
BE0000945	HTR6	3362	DrugBank
BE0002084	SCN8A	6334	DrugBank
BE0009878	PTGDS	5730	DrugBank
BE0004738	PSMB10	5699	DrugBank
BE0002443	CDA	978	DrugBank
BE0000878	SNCA	6622	DrugBank
BE0000675	AMHR2	269	DrugBank
BE0009053	CFH	3075	DrugBank
BE0001200	RHO	6010	DrugBank
BE0000986	SLC8A1	6546	DrugBank
BE0008999	L1CAM	3897	DrugBank
BE0008991	FXN	2395	DrugBank
BE0000010	AMT	275	DrugBank
BE0000104	CRYM	1428	DrugBank
BE0000426	ACHE	43	DrugBank
BE0002334	PPIG	9360	DrugBank
BE0001300	DAPP1	27071	DrugBank
BE0009404	TYRO3	7301	DrugBank
BE0001359	TUBA8	51807	DrugBank
BE0003531	CTRB1	1504	DrugBank
BE0009428	DAPK2	23604	DrugBank
BE0003826	RPL15	6138	DrugBank
BE0003913	PSMA4	5685	DrugBank
BE0009787	CCR4	1233	DrugBank
BE0000526	QPRT	23475	DrugBank
BE0004105	SGK1	6446	DrugBank
BE0009418	CAMKK1	84254	DrugBank
BE0008704	CADPS	8618	DrugBank
BE0000885	S100A13	6284	DrugBank
BE0009160	TAGLN	6876	DrugBank
BE0000539	SRD5A1	6715	DrugBank
BE0000556	NPR1	4881	DrugBank
BE0002170			DrugBank
BE0002250	CYP24A1	1591	DrugBank
BE0001208	IL5	3567	DrugBank
BE0001242	B3GAT1	27087	DrugBank
BE0000771	IDH3G	3421	DrugBank
BE0002291	GSTO2	119391	DrugBank
BE0000695	FKBP1A	2280	DrugBank
BE0004573	UBA1	7317	DrugBank
BE0009395	TESK1	7016	DrugBank
BE0004639	TK2	7084	DrugBank
BE0000872	PRKCB	5579	DrugBank
BE0002441	KCNJ8	3764	DrugBank
BE0000973	SMPD1	6609	DrugBank
BE0000587	HMOX2	3163	DrugBank
BE0008717	CACNA1A	773	DrugBank
BE0004043	CLK3	1198	DrugBank
BE0002303	BAAT	570	DrugBank
BE0008879	APOC2	344	DrugBank
BE0000006	HSD17B2	3294	DrugBank
BE0009451	INSRR	3645	DrugBank
BE0003761	PRKACA	5566	DrugBank
BE0009348	NR1D2	9975	DrugBank
BE0002387	NFKB2	4791	DrugBank
BE0004614	RPS6KA4	8986	DrugBank
BE0004503	SRP14	6727	DrugBank
BE0003391	MAPK13	5603	DrugBank
BE0004342	AFDN	4301	DrugBank
BE0002135	CTSL	1514	DrugBank
BE0000206	RARB	5915	DrugBank
BE0002083	SCN4A	6329	DrugBank
BE0008964	HNRNPL	3191	DrugBank
BE0000965	AIFM1	9131	DrugBank
BE0008984	KEL	3792	DrugBank
BE0009402	TSSK1B	83942	DrugBank
BE0000051	HSD3B1	3283	DrugBank
BE0000256	SEC14L2	23541	DrugBank
BE0000699	KCNH7	90134	DrugBank
BE0004790	HLA-DRA	3122	DrugBank
BE0000915	MET	4233	DrugBank
BE0000047	SLC12A5	57468	DrugBank
BE0003471	IL5RA	3568	DrugBank
BE0000755	GLUD2	2747	DrugBank
BE0000833	GRM4	2914	DrugBank
BE0000757	SLC22A4	6583	DrugBank
BE0004830			DrugBank
BE0005190	KCNJ9	3765	DrugBank
BE0000817	GPX2	2877	DrugBank
BE0003507	FAP	2191	DrugBank
BE0003495	PDGFB	5155	DrugBank
BE0009142	HLA-B	3106	DrugBank
BE0000773	AVPR1B	553	DrugBank
BE0000009	ADH5	128	DrugBank
BE0004455	TST	7263	DrugBank
BE0003494	ENG	2022	DrugBank
BE0002398	KCNQ3	3786	DrugBank
BE0000192	SCN11A	11280	DrugBank
BE0001223	PDE3B	5140	DrugBank
BE0000170	MSRA	4482	DrugBank
BE0000522	ADH7	131	DrugBank
BE0005793	P2RX4	5025	DrugBank
BE0003689	MMP10	4319	DrugBank
BE0000131	HSD11B2	3291	DrugBank
BE0004753	SLC5A2	6524	DrugBank
BE0000982	ACE2	59272	DrugBank
BE0005788	GPBAR1	151306	DrugBank
BE0002246	FADS2	9415	DrugBank
BE0009019	RUVBL2	10856	DrugBank
BE0003336	CYP2A6	1548	DrugBank
BE0000270	REN	5972	DrugBank
BE0009059	IGLL1	3543	DrugBank
BE0003465	FCER2	2208	DrugBank
BE0000401	NDUFA7	4701	DrugBank
BE0008688	MTF1	4520	DrugBank
BE0000729	NDUFS2	4720	DrugBank
BE0004924	ATF1	466	DrugBank
BE0004067	HMGCS1	3157	DrugBank
BE0001076	HRAS	3265	DrugBank
BE0001764	ECI1	1632	DrugBank
BE0000141	SCN1A	6323	DrugBank
BE0000918	IL6	3569	DrugBank
BE0005131	HIST1H1E	3008	DrugBank
BE0001075	MPO	4353	DrugBank
BE0004294	MYH7	4625	DrugBank
BE0002228	ADSS	159	DrugBank
BE0009682	MC4R	4160	DrugBank
BE0009037	TPM1	7168	DrugBank
BE0003115	KIF1A	547	DrugBank
BE0004598	DDX39B	7919	DrugBank
BE0002366	HDAC2	3066	DrugBank
BE0002167	MOCOS	55034	DrugBank
BE0009867	ACLY	47	DrugBank
BE0000169	NDUFA4	4697	DrugBank
BE0002103	LAMA5	3911	DrugBank
BE0003394	BDNF	627	DrugBank
BE0000216	F10	2159	DrugBank
BE0000394	ELANE	1991	DrugBank
BE0002356	CACNB4	785	DrugBank
BE0008716	CACNA1G	8913	DrugBank
BE0000961	CXCL8	3576	DrugBank
BE0001098	HSPA5	3309	DrugBank
BE0001306	RNASE2	6036	DrugBank
BE0009158	TRPV2	51393	DrugBank
BE0009536	SBK3	100130827	DrugBank
BE0009161	MYH9	4627	DrugBank
BE0009972	ATP2B1	490	DrugBank
BE0000983	IMPA2	3613	DrugBank
BE0009048	AHSG	197	DrugBank
BE0003359	NR5A1	2516	DrugBank
BE0002950	S100A6	6277	DrugBank
BE0001031	HSPG2	3339	DrugBank
BE0009493	MYLK3	91807	DrugBank
BE0004838	PCAP	7834	DrugBank
BE0000245	NDUFB10	4716	DrugBank
BE0002524	SETD7	80854	DrugBank
BE0001172	AKT2	208	DrugBank
BE0000616	IGKV3-20	28912	DrugBank
BE0002329	VKORC1L1	154807	DrugBank
BE0000339	SEC14L3	266629	DrugBank
BE0004521	ACAA1	30	DrugBank
BE0001176	SI	6476	DrugBank
BE0002342	GRM3	2913	DrugBank
BE0004475	PRKACB	5567	DrugBank
BE0004757	SIK1	150094	DrugBank
BE0000753	PAH	5053	DrugBank
BE0001277	PIM1	5292	DrugBank
BE0000360	ADH4	127	DrugBank
BE0004688	HTR5A	3361	DrugBank
BE0004873	CYP21A2	1589	DrugBank
BE0004734	IL1A	3552	DrugBank
BE0000252	TYR	7299	DrugBank
BE0004806			DrugBank
BE0002105	KRT8	3856	DrugBank
BE0009112	RPS19	6223	DrugBank
BE0004490	PLCD1	5333	DrugBank
BE0002453	EPHB4	2050	DrugBank
BE0000155	TLR7	51284	DrugBank
BE0004535	ARL1	400	DrugBank
BE0003295	GALK1	2584	DrugBank
BE0009086	KRT16	3868	DrugBank
BE0002414	APEX1	328	DrugBank
BE0000472	GNRHR2	114814	DrugBank
BE0000381	GABRA2	2555	DrugBank
BE0004685	C4A	720	DrugBank
BE0000624	SLC25A6	293	DrugBank
BE0000333	F7	2155	DrugBank
BE0004543	CAMP	820	DrugBank
BE0003400	TUBB2A	7280	DrugBank
BE0005191	KCNH1	3756	DrugBank
BE0002173	GAD2	2572	DrugBank
BE0009498	NEK4	6787	DrugBank
BE0000060	P4HA1	5033	DrugBank
BE0000552	HPGD	3248	DrugBank
BE0001183	IDE	3416	DrugBank
BE0009494	MYLK4	340156	DrugBank
BE0001432	GM2A	2760	DrugBank
BE0000092	CHRM1	1128	DrugBank
BE0009117	RPS9	6203	DrugBank
BE0004564	CMAS	55907	DrugBank
BE0004706	SLC29A2	3177	DrugBank
BE0004108	CAMK2D	817	DrugBank
BE0004951	TOP2A	7153	DrugBank
BE0003428	HMGB1	3146	DrugBank
BE0003591	FABP2	2169	DrugBank
BE0002100	FCGR2C	9103	DrugBank
BE0004716	KCNA3	3738	DrugBank
BE0002286	GPX6	257202	DrugBank
BE0001909	CTSV	1515	DrugBank
BE0003542	CYP11B2	1585	DrugBank
BE0003563	CACNA2D3	55799	DrugBank
BE0003639	ABCC5	10057	DrugBank
BE0000946	PPBP	5473	DrugBank
BE0009016	TAS2R16	50833	DrugBank
BE0002107	LAMC1	3915	DrugBank
BE0005089	IGHG4	3503	DrugBank
BE0000448	AZIN2	113451	DrugBank
BE0000598	CD1A	909	DrugBank
BE0000754	NDUFA12	55967	DrugBank
BE0003569	ATP6V1A	523	DrugBank
BE0003541	UGT1A1	54658	DrugBank
BE0001055	GCH1	2643	DrugBank
BE0000569	CDO1	1036	DrugBank
BE0000571	PDHA1	5160	DrugBank
BE0003512	CSNK1E	1454	DrugBank
BE0004497	PRKAR2B	5577	DrugBank
BE0003403	CDH5	1003	DrugBank
BE0000617	MTHFD1	4522	DrugBank
BE0000776	FDPS	2224	DrugBank
BE0003441	CD274	29126	DrugBank
BE0000860	RAMP2	10266	DrugBank
BE0001205	DUT	1854	DrugBank
BE0003610	AKR1D1	6718	DrugBank
BE0000996	ACSL4	2182	DrugBank
BE0002769	CLPP	8192	DrugBank
BE0001096	NT5E	4907	DrugBank
BE0002208	P3H3	10536	DrugBank
BE0002396	CACNA2D2	9254	DrugBank
BE0004820			DrugBank
BE0003740	NCOA2	10499	DrugBank
BE0000926	IFNB1	3456	DrugBank
BE0004482	MBL2	4153	DrugBank
BE0009793	GRIK1	2897	DrugBank
BE0004320	LCN9	392399	DrugBank
BE0009434	EIF2AK2	5610	DrugBank
BE0001111	CYP1B1	1545	DrugBank
BE0003872	ADAM28	10863	DrugBank
BE0000100	LDHAL6B	92483	DrugBank
BE0004903	NFKB2	4791	DrugBank
BE0009527	PRPF4B	8899	DrugBank
BE0004315	LYN	4067	DrugBank
BE0000672	KCNQ1	3784	DrugBank
BE0000243	NDUFB5	4711	DrugBank
BE0003989	COX5B	1329	DrugBank
BE0002793	CYP2C9	1559	DrugBank
BE0002326	PPP2CA	5515	DrugBank
BE0002402	RPSA	3921	DrugBank
BE0001824	CLK1	1195	DrugBank
BE0004568	CPD	1362	DrugBank
BE0003713	TUBG1	7283	DrugBank
BE0003997	PLA2G1B	5319	DrugBank
BE0009786	PHB	5245	DrugBank
BE0004264	IGHV1-2	28474	DrugBank
BE0009084	JUP	3728	DrugBank
BE0000476	HTR1E	3354	DrugBank
BE0000898	ALAS2	212	DrugBank
BE0004798			DrugBank
BE0004156	MKL1	57591	DrugBank
BE0003501	MUC1	4582	DrugBank
BE0003605	NTRK2	4915	DrugBank
BE0000839	FYN	2534	DrugBank
BE0003911	PSMA2	5683	DrugBank
BE0002373	FNTA	2339	DrugBank
BE0002192	PLOD2	5352	DrugBank
BE0001312	ZAP70	7535	DrugBank
BE0000988	BACE1	23621	DrugBank
BE0009999	GLB1	2720	DrugBank
BE0004619	NAGA	4668	DrugBank
BE0000436	PDE3A	5139	DrugBank
BE0002384	PIK3R3	8503	DrugBank
BE0002314	PADI1	29943	DrugBank
BE0000701	CARS	833	DrugBank
BE0004344	IRAK4	51135	DrugBank
BE0004811			DrugBank
BE0009488	MKNK1	8569	DrugBank
BE0000465	ADH1C	126	DrugBank
BE0004192	DHRS4L2	317749	DrugBank
BE0008996	PSG5	5673	DrugBank
BE0005828	LCN1	3933	DrugBank
BE0001288	TREM1	54210	DrugBank
BE0009008	RCAN1	1827	DrugBank
BE0009435	EIF2AK4	440275	DrugBank
BE0000377	HADH	3033	DrugBank
BE0000062	AGTR1	185	DrugBank
BE0003762	PKIA	5569	DrugBank
BE0000717	PLAUR	5329	DrugBank
BE0002128	HPN	3249	DrugBank
BE0004835			DrugBank
BE0002162	KYAT3	56267	DrugBank
BE0004837			DrugBank
BE0003786	ACP1	52	DrugBank
BE0003749	PPP2R5C	5527	DrugBank
BE0004234	RCVRN	5957	DrugBank
BE0009001	MARCO	8685	DrugBank
BE0002321	RDH11	51109	DrugBank
BE0004625	HGS	9146	DrugBank
BE0000355	SUCLG2	8801	DrugBank
BE0002090	CYP19A1	1588	DrugBank
BE0002404	ADAM10	102	DrugBank
BE0002359	CACNA1D	776	DrugBank
BE0009454	SIK3	23387	DrugBank
BE0000111	SAT1	6303	DrugBank
BE0003175	NEIL1	79661	DrugBank
BE0008955	S100A8	6279	DrugBank
BE0004615	PYCR3	65263	DrugBank
BE0003691	MMP11	4320	DrugBank
BE0003011	DHRS11	79154	DrugBank
BE0003722	ESRRA	2101	DrugBank
BE0004275	TRAPPC6A	79090	DrugBank
BE0000748	FGFR2	2263	DrugBank
BE0009324	BMPR2	659	DrugBank
BE0000745	GLRA2	2742	DrugBank
BE0009941	PTPN6	5777	DrugBank
BE0003504	CPN2	1370	DrugBank
BE0000389	DRD4	1815	DrugBank
BE0003536	CYP2C19	1557	DrugBank
BE0000347	GATM	2628	DrugBank
BE0002296	DGKG	1608	DrugBank
BE0001058	CHIT1	1118	DrugBank
BE0000557	PGR	5241	DrugBank
BE0004582	UCKL1	54963	DrugBank
BE0000925	ORM1	5004	DrugBank
BE0000321	GMPS	8833	DrugBank
BE0003858	UQCRFS1	7386	DrugBank
BE0000747	AKR1B1	231	DrugBank
BE0002201	PDF	64146	DrugBank
BE0000217	GABBR1	2550	DrugBank
BE0001583	PRSS3	5646	DrugBank
BE0000414	GLRA3	8001	DrugBank
BE0004866	CYP3A4	1576	DrugBank
BE0004819			DrugBank
BE0000589	MDH1	4190	DrugBank
BE0002138	SYT2	127833	DrugBank
BE0009079	IGLV3-21	28796	DrugBank
BE0004466	HLA-DQB1	3119	DrugBank
BE0001199	GPI	2821	DrugBank
BE0003746	PRSS8	5652	DrugBank
BE0000250	PNP	4860	DrugBank
BE0001170	ANXA2	302	DrugBank
BE0000721	BCAT2	587	DrugBank
BE0001680	LTA4H	4048	DrugBank
BE0004003	STMN4	81551	DrugBank
BE0004569	ACYP2	98	DrugBank
BE0003074	CBR1	873	DrugBank
BE0003346	CAPN1	823	DrugBank
BE0009544	STK32A	202374	DrugBank
BE0000998	GARS	2617	DrugBank
BE0009408	MAP3K19	80122	DrugBank
BE0000061	CNR1	1268	DrugBank
BE0003840	ATP5A1	498	DrugBank
BE0003388	TXNRD2	10587	DrugBank
BE0002129	NRP1	8829	DrugBank
BE0005802	GPR55	9290	DrugBank
BE0000769	LARS	51520	DrugBank
BE0002284	GLRX	2745	DrugBank
BE0003870	POLK	51426	DrugBank
BE0009526	PRKG2	5593	DrugBank
BE0000758	ARG2	384	DrugBank
BE0005807	ENO1	2023	DrugBank
BE0002639	AMY2A	279	DrugBank
BE0000391	NAGLU	4669	DrugBank
BE0004922	PDE1A	5136	DrugBank
BE0009116	RPS8	6202	DrugBank
BE0009118	SF1	7536	DrugBank
BE0002477			DrugBank
BE0004349	CES1P1	51716	DrugBank
BE0005047	ATP1A3	478	DrugBank
BE0004098	AADACL2	344752	DrugBank
BE0003809	INCENP	3619	DrugBank
BE0003987	MT-CO3	4514	DrugBank
BE0009487	MINK1	50488	DrugBank
BE0009081	ITIH3	3699	DrugBank
BE0008988	ITGA5	3678	DrugBank
BE0000305	NDUFA9	4704	DrugBank
BE0002101	ACTA1	58	DrugBank
BE0004915			DrugBank
BE0005582			DrugBank
BE0000694	ADRB2	154	DrugBank
BE0001116	MMP3	4314	DrugBank
BE0001165	HSP90B1	7184	DrugBank
BE0000084	HTR4	3360	DrugBank
BE0000040	LIPT1	51601	DrugBank
BE0005274	NRXN1	9378	DrugBank
BE0003829	RSL24D1	51187	DrugBank
BE0000742	TOP2A	7153	DrugBank
BE0002229	DARS2	55157	DrugBank
BE0004725	KCNC3	3748	DrugBank
BE0002147	SSTR5	6755	DrugBank
BE0002364	POR	5447	DrugBank
BE0004443	ITPA	3704	DrugBank
BE0000442	HRH1	3269	DrugBank
BE0000323	CBS	875	DrugBank
BE0003511	MCL1	4170	DrugBank
BE0004755	CRBN	51185	DrugBank
BE0004601	AURKC	6795	DrugBank
BE0002124	PCSK2	5126	DrugBank
BE0004233	ECI2	10455	DrugBank
BE0003693	MMP15	4324	DrugBank
BE0001001	ATP8A1	10396	DrugBank
BE0002257	SDHC	6391	DrugBank
BE0004613	PGLYRP2	114770	DrugBank
BE0004777	SLC6A12	6539	DrugBank
BE0004850	TFRC	7037	DrugBank
BE0000562	SLC7A2	6542	DrugBank
BE0004073	RABGGTB	5876	DrugBank
BE0003690	MMP7	4316	DrugBank
BE0000631	PDE10A	10846	DrugBank
BE0003854	CYC1	1537	DrugBank
BE0008957	HSPA13	6782	DrugBank
BE0000954	PRTN3	5657	DrugBank
BE0001648	SIGLEC7	27036	DrugBank
BE0000834	GRM7	2917	DrugBank
BE0002082	SCN3A	6328	DrugBank
BE0009528	RIOK1	83732	DrugBank
BE0002638	CYP3A4	1576	DrugBank
BE0004831			DrugBank
BE0002126	IGFBP7	3490	DrugBank
BE0004442	RTCB	51493	DrugBank
BE0000416	IL11RA	3590	DrugBank
BE0004253	ARPC3	10094	DrugBank
BE0004632	TAOK2	9344	DrugBank
BE0004271	MERTK	10461	DrugBank
BE0001122	TRPA1	8989	DrugBank
BE0004542	TUFM	7284	DrugBank
BE0000121	TPH1	7166	DrugBank
BE0004722	KCNB2	9312	DrugBank
BE0000622	AKR1C2	1646	DrugBank
BE0004552	CKS1B	1163	DrugBank
BE0000260	HADHA	3030	DrugBank
BE0000235	SLC25A12	8604	DrugBank
BE0000159	HLCS	3141	DrugBank
BE0008725	TFRC	7037	DrugBank
BE0003831	RPL8	6132	DrugBank
BE0002463	CCR9	10803	DrugBank
BE0001153	HEXB	3074	DrugBank
BE0000015	FCER1A	2205	DrugBank
BE0005808	PML	5371	DrugBank
BE0000160	CYB5R3	1727	DrugBank
BE0003456	CD3D	915	DrugBank
BE0000901	FCGR3B	2215	DrugBank
BE0004506	TGFB3	7043	DrugBank
BE0004516	RDX	5962	DrugBank
BE0004161	GSN	2934	DrugBank
BE0000450	LCMT1	51451	DrugBank
BE0000857	GLP1R	2740	DrugBank
BE0000948	NPSR1	387129	DrugBank
BE0000659	HTR1D	3352	DrugBank
BE0009461	MAP2K6	5608	DrugBank
BE0002446	EPCAM	4072	DrugBank
BE0008695	CASQ2	845	DrugBank
BE0003614	POLE	5426	DrugBank
BE0002207	CDK9	1025	DrugBank
BE0009033	S100A10	6281	DrugBank
BE0000420	OPRD1	4985	DrugBank
BE0003179	HNF4G	3174	DrugBank
BE0003525	HDAC7	51564	DrugBank
BE0002205	ALKBH2	121642	DrugBank
BE0001024	TNNC1	7134	DrugBank
BE0009748	TRPM4	54795	DrugBank
BE0003770	UNG	7374	DrugBank
BE0000815	GSTO1	9446	DrugBank
BE0009076	FCN3	8547	DrugBank
BE0003406			DrugBank
BE0009352			DrugBank
BE0000891	STAT5B	6777	DrugBank
BE0003916	PSMA7	5688	DrugBank
BE0002299	PTDSS2	81490	DrugBank
BE0008705	CALM2	805	DrugBank
BE0001872	B3GAT3	26229	DrugBank
BE0009577	ARL2	402	DrugBank
BE0009075	F13B	2165	DrugBank
BE0001042	SLCO2B1	11309	DrugBank
BE0001921	GCDH	2639	DrugBank
BE0004935	HAPLN3	145864	DrugBank
BE0000065	DLAT	1737	DrugBank
BE0000030	SLC7A11	23657	DrugBank
BE0008966	SF3A2	8175	DrugBank
BE0000707	RXRG	6258	DrugBank
BE0004965	TXN	7295	DrugBank
BE0000277	SLC25A13	10165	DrugBank
BE0003402	TUBB6	84617	DrugBank
BE0000953	EGF	1950	DrugBank
BE0002282	MGST1	4257	DrugBank
BE0004191	ROCK2	9475	DrugBank
BE0000607	NARS	4677	DrugBank
BE0002343	CHRNA9	55584	DrugBank
BE0000511	ERBB2	2064	DrugBank
BE0000209	SERPINA6	866	DrugBank
BE0008666			DrugBank
BE0005815	CCS	9973	DrugBank
BE0002252	SDHD	6392	DrugBank
BE0004515	PAPOLA	10914	DrugBank
BE0009547			DrugBank
BE0000960	DPYD	1806	DrugBank
BE0000958	CREB1	1385	DrugBank
BE0003422	FUBP1	8880	DrugBank
BE0002434	ENOX2	10495	DrugBank
BE0000583	ALDH1A3	220	DrugBank
BE0000098	PDHB	5162	DrugBank
BE0002353	PDE4C	5143	DrugBank
BE0000939	CTSB	1508	DrugBank
BE0000415	KCNN4	3783	DrugBank
BE0005865	HCRTR2	3062	DrugBank
BE0004447	DMC1	11144	DrugBank
BE0004323	SRPK2	6733	DrugBank
BE0004744	MAP2K2	5605	DrugBank
BE0009039	TPM4	7171	DrugBank
BE0004703	PTH2R	5746	DrugBank
BE0001057	SLC2A1	6513	DrugBank
BE0000126	AKR1C1	1645	DrugBank
BE0008987	HOXA10	3206	DrugBank
BE0001178	F3	2152	DrugBank
BE0000981	IL12B	3593	DrugBank
BE0001161	PROCR	10544	DrugBank
BE0001315	PIK3CG	5294	DrugBank
BE0002268	OPLAH	26873	DrugBank
BE0000063	SARS	6301	DrugBank
BE0001195	CFTR	1080	DrugBank
BE0008625			DrugBank
BE0009882	S1PR4	8698	DrugBank
BE0009516	PIM3	415116	DrugBank
BE0000303	CACNB1	782	DrugBank
BE0002460	UBR4	23352	DrugBank
BE0009584	HTR3C	170572	DrugBank
BE0009482	MARK4	57787	DrugBank
BE0004610	IGHA2	3494	DrugBank
BE0009880	DNMT3A	1788	DrugBank
BE0000195	SLC16A4	9122	DrugBank
BE0003719	PANX1	24145	DrugBank
BE0000106	SLC22A5	6584	DrugBank
BE0000950	EPHX2	2053	DrugBank
BE0004739	PSMB8	5696	DrugBank
BE0000373	CROT	54677	DrugBank
BE0003559	PGD	5226	DrugBank
BE0003385	MT-CO2	4513	DrugBank
BE0002118	ASGR2	433	DrugBank
BE0004699	GANC	2595	DrugBank
BE0003887	ETFDH	2110	DrugBank
BE0004044	IDI1	3422	DrugBank
BE0000109	RENBP	5973	DrugBank
BE0002300	SMPD4	55627	DrugBank
BE0004367	CREBBP	1387	DrugBank
BE0003636	SCN2B	6327	DrugBank
BE0002887	CYP2C8	1558	DrugBank
BE0009420	CSN3	1448	DrugBank
BE0001132	PRKCA	5578	DrugBank
BE0002244	NADSYN1	55191	DrugBank
BE0003629	CA7	766	DrugBank
BE0000802	NPC1L1	29881	DrugBank
BE0003999			DrugBank
BE0003521	MLNR	2862	DrugBank
BE0003592	GABRG2	2566	DrugBank
BE0004726	KCND1	3750	DrugBank
BE0000286	ARG1	383	DrugBank
BE0000428	AKT1	207	DrugBank
BE0009092	APLP1	333	DrugBank
BE0000393	HTR2B	3357	DrugBank
BE0004168	NFE2L1	4779	DrugBank
BE0000540	QDPR	5860	DrugBank
BE0002139	MS4A2	2206	DrugBank
BE0001120	HSP90AA1	3320	DrugBank
BE0002367	HDAC3	8841	DrugBank
BE0003751	LYZ	4069	DrugBank
BE0000278	PDXP	57026	DrugBank
BE0001158	CCKBR	887	DrugBank
BE0009576			DrugBank
BE0004439	HCRT	3060	DrugBank
BE0009491	MUSK	4593	DrugBank
BE0009788			DrugBank
BE0003418	IGF1	3479	DrugBank
BE0001391	TUBA4A	7277	DrugBank
BE0008691	CIB1	10519	DrugBank
BE0000693	IDO1	3620	DrugBank
BE0000179	CPT2	1376	DrugBank
BE0009055	CLU	1191	DrugBank
BE0002320	RETSAT	54884	DrugBank
BE0001646	CTSS	1520	DrugBank
BE0000847	CD80	941	DrugBank
BE0004551	CTDSP1	58190	DrugBank
BE0003587	CHRNA6	8973	DrugBank
BE0001367	TUBB4B	10383	DrugBank
BE0004627	ARL5B	221079	DrugBank
BE0004532	MYO1E	4643	DrugBank
BE0000680	KCNK6	9424	DrugBank
BE0005833	SEMG1	6406	DrugBank
BE0001353	LGALS3	3958	DrugBank
BE0002346	GABRB2	2561	DrugBank
BE0000579	SLC25A20	788	DrugBank
BE0002133	FGFR3	2261	DrugBank
BE0002088	ESRRG	2104	DrugBank
BE0009094	SFRP4	6424	DrugBank
BE0003472	ACVR2A	92	DrugBank
BE0000673	PISD	23761	DrugBank
BE0009023	DIABLO	56616	DrugBank
BE0002114	PRG2	5553	DrugBank
BE0001125	SERPINF2	5345	DrugBank
BE0002199	CDIPT	10423	DrugBank
BE0000871	PTK2B	2185	DrugBank
BE0009441	EPHB1	2047	DrugBank
BE0000667	GPT	2875	DrugBank
BE0000163	VEGFA	7422	DrugBank
BE0002211	EGLN2	112398	DrugBank
BE0005806	DPYSL2	1808	DrugBank
BE0002085	PDE2A	5138	DrugBank
BE0002410	ADGRF1	266977	DrugBank
BE0009439	EPHA6	285220	DrugBank
BE0000867	CARTPT	9607	DrugBank
BE0003747	CELA2A	63036	DrugBank
BE0002311	WARS2	10352	DrugBank
BE0002357	CACNA1F	778	DrugBank
BE0003753	CPA1	1357	DrugBank
BE0000479	ALDH1B1	219	DrugBank
BE0003794	HASPIN	83903	DrugBank
BE0000346	GRIK1	2897	DrugBank
BE0004460	ENO3	2027	DrugBank
BE0002197	BBOX1	8424	DrugBank
BE0001429	UAP1	6675	DrugBank
BE0008692	SRI	6717	DrugBank
BE0003537	CYP11A1	1583	DrugBank
BE0000824	GRM1	2911	DrugBank
BE0009470	MAP4K1	11184	DrugBank
BE0004743	BCR	613	DrugBank
BE0003568	PTPRE	5791	DrugBank
BE0000938	MT-CYB	4519	DrugBank
BE0000374	PPAT	5471	DrugBank
BE0000644	KCNJ1	3758	DrugBank
BE0000910	A2M	2	DrugBank
BE0003517	TNFSF11	8600	DrugBank
BE0000118	SLC18A2	6571	DrugBank
BE0003844	TPI1	7167	DrugBank
BE0001043	VWF	7450	DrugBank
BE0002426	NPR3	4883	DrugBank
BE0002176	MTHFR	4524	DrugBank
BE0001640	PLA2G2A	5320	DrugBank
BE0000959	FASN	2194	DrugBank
BE0003769	PTPRB	5787	DrugBank
BE0003575	ITGB1	3688	DrugBank
BE0002140	COL2A1	1280	DrugBank
BE0000793	CSF3R	1441	DrugBank
BE0001108	HK1	3098	DrugBank
BE0000760	GRIN2A	2903	DrugBank
BE0009444	FES	2242	DrugBank
BE0004072	RABGGTA	5875	DrugBank
BE0001586	KLK6	5653	DrugBank
BE0000666	CALY	50632	DrugBank
BE0008706	CALM3	808	DrugBank
BE0002400	KCNQ5	56479	DrugBank
BE0002277	DNPEP	23549	DrugBank
BE0004289	SCGB1A1	7356	DrugBank
BE0000560	CHRM2	1129	DrugBank
BE0002791	PECR	55825	DrugBank
BE0000129	GABRR1	2569	DrugBank
BE0003616	POLE4	56655	DrugBank
BE0001040	JUN	3725	DrugBank
BE0009397	TLK1	9874	DrugBank
BE0003702	MMP27	64066	DrugBank
BE0003694	MMP17	4326	DrugBank
BE0000661	IFNAR1	3454	DrugBank
BE0001206	S100A12	6283	DrugBank
BE0002467	P4HB	5034	DrugBank
BE0009631	KCNJ12	3768	DrugBank
BE0004933	HAPLN1	1404	DrugBank
BE0000218	ATP2C1	27032	DrugBank
BE0009072	C8A	731	DrugBank
BE0009063	KRT2	3849	DrugBank
BE0002141	COL1A2	1278	DrugBank
BE0000379	CAMLG	819	DrugBank
BE0009376	DRD1	1812	DrugBank
BE0004902	CACNG1	786	DrugBank
BE0003474	MAPT	4137	DrugBank
BE0000032	DHRS4	10901	DrugBank
BE0000087	PLOD1	5351	DrugBank
BE0004952	TNFAIP6	7130	DrugBank
BE0005300	CNGA1	1259	DrugBank
BE0000004	F13A1	2162	DrugBank
BE0000227	ADH1A	124	DrugBank
BE0000575	ADRA1B	147	DrugBank
BE0002436	HNMT	3176	DrugBank
BE0000025	COL1A1	1277	DrugBank
BE0001683	ALDOA	226	DrugBank
BE0002297	DGKD	8527	DrugBank
BE0000499	LDLR	3949	DrugBank
BE0001215	DCPS	28960	DrugBank
BE0000350	ACSS2	55902	DrugBank
BE0003469	NFKBIA	4792	DrugBank
BE0003848	NR1I3	9970	DrugBank
BE0009458	LTK	4058	DrugBank
BE0000974	GRM2	2912	DrugBank
BE0002081	SCN2A	6326	DrugBank
BE0002265	NAGK	55577	DrugBank
BE0003834	RPL11	6135	DrugBank
BE0000173	NDUFC2	4718	DrugBank
BE0002479	SCYL1	57410	DrugBank
BE0004814			DrugBank
BE0004478	RAB8B	51762	DrugBank
BE0002217	EGLN1	54583	DrugBank
BE0005034	ATP1A2	477	DrugBank
BE0008652	S1PR1	1901	DrugBank
BE0004720	KCNA10	3744	DrugBank
BE0000689	FGF1	2246	DrugBank
BE0004480	FDXR	2232	DrugBank
BE0002559	NDST1	3340	DrugBank
BE0003430	MAP3K1	4214	DrugBank
BE0001213	APCS	325	DrugBank
BE0000650	HTR7	3363	DrugBank
BE0000916	PYGM	5837	DrugBank
BE0000384	TACR1	6869	DrugBank
BE0001191	S100P	6286	DrugBank
BE0000228	WARS	7453	DrugBank
BE0003436	PDCD1	5133	DrugBank
BE0000518	GCAT	23464	DrugBank
BE0005097	IGHA1	3493	DrugBank
BE0000957	EIF4E	1977	DrugBank
BE0009759	SIRT2	22933	DrugBank
BE0002313	PADI6	353238	DrugBank
BE0001262	AK1	203	DrugBank
BE0000368	PTGER2	5732	DrugBank
BE0002417	PRKCD	5580	DrugBank
BE0001081	PLCL1	5334	DrugBank
BE0009964	CASP4	837	DrugBank
BE0003473	GPNMB	10457	DrugBank
BE0004549	EPHB2	2048	DrugBank
BE0000081	NDUFA10	4705	DrugBank
BE0000674	CD33	945	DrugBank
BE0009479	MARK1	4139	DrugBank
BE0002123	RB1	5925	DrugBank
BE0008968	ACTN1	87	DrugBank
BE0009038	TPM3	7170	DrugBank
BE0003106	NME1	4830	DrugBank
BE0002174	AGXT	189	DrugBank
BE0002256	OXCT1	5019	DrugBank
BE0002150	PYGB	5834	DrugBank
BE0000823	ALDH18A1	5832	DrugBank
BE0001356	CSK	1445	DrugBank
BE0009475	MAPK15	225689	DrugBank
BE0000411	CHRNA10	57053	DrugBank
BE0002482	CSF2RA	1438	DrugBank
BE0000713	VKORC1	79001	DrugBank
BE0002196	MAOB	4129	DrugBank
BE0000013	ADORA1	134	DrugBank
BE0003631	CA10	56934	DrugBank
BE0003458	CD247	919	DrugBank
BE0000027	NDUFV3	4731	DrugBank
BE0004721	KCNB1	3745	DrugBank
BE0003478	MCHR1	2847	DrugBank
BE0000375	SLC6A8	6535	DrugBank
BE0001278	PLEKHA4	57664	DrugBank
BE0004284	PDK4	5166	DrugBank
BE0009865	MAPK10	5602	DrugBank
BE0004488	SYN1	6853	DrugBank
BE0004776	SLC6A13	6540	DrugBank
BE0009339			DrugBank
BE0004961			DrugBank
BE0008699	CASQ1	844	DrugBank
BE0002125	PCSK1	5122	DrugBank
BE0000529	GOT1	2805	DrugBank
BE0004758	NEK11	79858	DrugBank
BE0003615	POLE2	5427	DrugBank
BE0002218	KCNJ5	3762	DrugBank
BE0003915	PSMA6	5687	DrugBank
BE0000072	MCCC2	64087	DrugBank
BE0009961	ATP6V0A1	535	DrugBank
BE0008983	KLK3	354	DrugBank
BE0008715	CACNA1C	775	DrugBank
BE0000826	GRIK2	2898	DrugBank
BE0000997	NPR2	4882	DrugBank
BE0001179	PEBP1	5037	DrugBank
BE0002503	HIF1AN	55662	DrugBank
BE0009000	BMP4	652	DrugBank
BE0000164	SDS	10993	DrugBank
BE0004454	PGK1	5230	DrugBank
BE0001054	SLC1A1	6505	DrugBank
BE0004157	SPIRE2	84501	DrugBank
BE0008962	HNRNPH3	3189	DrugBank
BE0002315	PADI3	51702	DrugBank
BE0002272	EARS2	124454	DrugBank
BE0000912	REG1A	5967	DrugBank
BE0000495	SCNN1D	6339	DrugBank
BE0002152	PCAP	7834	DrugBank
BE0000335	MT-CO1	4512	DrugBank
BE0004484	EN2	2020	DrugBank
BE0009548	GAST	2520	DrugBank
BE0001585	XRCC4	7518	DrugBank
BE0000731	CYP11B1	1584	DrugBank
BE0009531	RIPK1	8737	DrugBank
BE0004174	CFL1	1072	DrugBank
BE0000369	KDR	3791	DrugBank
BE0000371	OAZ1	4946	DrugBank
BE0003580	NISCH	11188	DrugBank
BE0000412	RXRA	6256	DrugBank
BE0000330	DHFR	1719	DrugBank
BE0009384	STK3	6788	DrugBank
BE0002939	IGLV2-8	28817	DrugBank
BE0003539	AOX1	316	DrugBank
BE0003332	HMGCL	3155	DrugBank
BE0000626	ACACA	31	DrugBank
BE0009586	HTR3E	285242	DrugBank
BE0000762	ACADS	35	DrugBank
BE0001015	FGF2	2247	DrugBank
BE0001251	IDH1	3417	DrugBank
BE0000964	SMS	6611	DrugBank
BE0003409	APH1A	51107	DrugBank
BE0000406	CPT1A	1374	DrugBank
BE0000397	IVD	3712	DrugBank
BE0003782	TGFBR1	7046	DrugBank
BE0002390	SOD1	6647	DrugBank
BE0002226	CACNA1B	774	DrugBank
BE0000433	GLRA1	2741	DrugBank
BE0004594	RHEB	6009	DrugBank
BE0000364	F9	2158	DrugBank
BE0000213	NDUFA6	4700	DrugBank
BE0003630	CA8	767	DrugBank
BE0005595	MAP3K20	51776	DrugBank
BE0002654	CYTH2	9266	DrugBank
BE0004723	KCNC1	3746	DrugBank
BE0001197	STS	412	DrugBank
BE0009046	TAC3	6866	DrugBank
BE0003528	SSTR2	6752	DrugBank
BE0003380	TP53	7157	DrugBank
BE0000266	MME	4311	DrugBank
BE0002222	TACR2	6865	DrugBank
BE0000751	OXT	5020	DrugBank
BE0005540	SREBF1	6720	DrugBank
BE0000188	EPRS	2058	DrugBank
BE0000546	POLA1	5422	DrugBank
BE0002279	MGST3	4259	DrugBank
BE0002408	JAK2	3717	DrugBank
BE0000647	SLC6A3	6531	DrugBank
BE0000039	TKT	7086	DrugBank
BE0009027	HSPA4	3308	DrugBank
BE0003736	TPSAB1	7177	DrugBank
BE0002312	CARS2	79587	DrugBank
BE0000577	SQLE	6713	DrugBank
BE0009739	CACNA1C	775	DrugBank
BE0009386	STK33	65975	DrugBank
BE0001091	KLK1	3816	DrugBank
BE0002413	NAMPT	10135	DrugBank
BE0010006	GSTA1	2938	DrugBank
BE0000049	FCER1G	2207	DrugBank
BE0001148	DPEP1	1800	DrugBank
BE0000995	FPR1	2357	DrugBank
BE0004524	DLG4	1742	DrugBank
BE0009909	HPX	3263	DrugBank
BE0005156	HIST1H2BC	8347	DrugBank
BE0009006	TTLL3	26140	DrugBank
BE0000125	IL3	3562	DrugBank
BE0002378	OPRL1	4987	DrugBank
BE0003278	GMDS	2762	DrugBank
BE0004808			DrugBank
BE0003836	IGKC	3514	DrugBank
BE0005295	RYR2	6262	DrugBank
BE0002351	GUK1	2987	DrugBank
BE0001204	SLC29A1	2030	DrugBank
BE0000741	BLVRA	644	DrugBank
BE0003733	ADCY5	111	DrugBank
BE0001129	PF4	5196	DrugBank
BE0003663	ORM2	5005	DrugBank
BE0000922	APOA2	336	DrugBank
BE0004909	MAOA	4128	DrugBank
BE0000475	PTGIR	5739	DrugBank
BE0000691	CACNA2D1	781	DrugBank
BE0002289	GPX7	2882	DrugBank
BE0000264	ACVR1	90	DrugBank
BE0001034	MUC2	4583	DrugBank
BE0003739	PIN1	5300	DrugBank
BE0009383	STK24	8428	DrugBank
BE0001746	CANT1	124583	DrugBank
BE0000201	SLC25A15	10166	DrugBank
BE0001080	GNG2	54331	DrugBank
BE0004141	DAO	1610	DrugBank
BE0000157	TPK1	27010	DrugBank
BE0005539	FGR	2268	DrugBank
BE0002127	SYTL4	94121	DrugBank
BE0001012	ADRB3	155	DrugBank
BE0004737	PSMB9	5698	DrugBank
BE0001886	CLC	1178	DrugBank
BE0002267	SLC1A7	6512	DrugBank
BE0000123	ESR1	2099	DrugBank
BE0003375	CD163	9332	DrugBank
BE0003828	RPL23A	6147	DrugBank
BE0000338	NDUFB1	4707	DrugBank
BE0002307	GLYATL1	92292	DrugBank
BE0000396	GRIN2D	2906	DrugBank
BE0000853	CSF1R	1436	DrugBank
BE0001221	DTYMK	1841	DrugBank
BE0000966	MMP13	4322	DrugBank
BE0000229	FXYD2	486	DrugBank
BE0000738	CHRNA2	1135	DrugBank
BE0000185	GSS	2937	DrugBank
BE0003191	L3MBTL1	26013	DrugBank
BE0003412	ADAM9	8754	DrugBank
BE0000725	DARS	1615	DrugBank
BE0009032	PSMC3	5702	DrugBank
BE0002941	CCL8	6355	DrugBank
BE0009440	EPHA8	2046	DrugBank
BE0004295	PFN2	5217	DrugBank
BE0002484	IL10	3586	DrugBank
BE0009003	HM13	81502	DrugBank
BE0009431	DCLK3	85443	DrugBank
BE0002333	PPIC	5480	DrugBank
BE0001852	KIF11	3832	DrugBank
BE0000496	CRAT	1384	DrugBank
BE0009698	CDH11	1009	DrugBank
BE0009542	STK16	8576	DrugBank
BE0002857	AZGP1	563	DrugBank
BE0003401	TUBB2B	347733	DrugBank
BE0004863	ADRA1A	148	DrugBank
BE0009497	NEK3	4752	DrugBank
BE0000079	CSAD	51380	DrugBank
BE0002369	ABCB5	340273	DrugBank
BE0002501	DDX6	1656	DrugBank
BE0005814	PCDH19	57526	DrugBank
BE0001017	KNG1	3827	DrugBank
BE0000788	ASS1	445	DrugBank
BE0009100	HNRNPD	3184	DrugBank
BE0002416	HLA-DRB1	3123	DrugBank
BE0000481	ACY1	95	DrugBank
BE0000033	INSR	3643	DrugBank
BE0002459	KRT7	3855	DrugBank
BE0000519	CHAT	1103	DrugBank
BE0000639	ACSL1	2180	DrugBank
BE0001190	RHOA	387	DrugBank
BE0004541	GSTT2	2953	DrugBank
BE0008961	HNRNPH1	3187	DrugBank
BE0004384	CAMK2G	818	DrugBank
BE0000292	SHMT2	6472	DrugBank
BE0001174	YWHAZ	7534	DrugBank
BE0004492	KRTAP5-2	440021	DrugBank
BE0000775	SERPIND1	3053	DrugBank
BE0000477	UGCG	7357	DrugBank
BE0004103	PAFAH1B3	5050	DrugBank
BE0000677	PRKAA1	5562	DrugBank
BE0000956	NR1I2	8856	DrugBank
BE0009910	HRG	3273	DrugBank
BE0001198	MMP12	4321	DrugBank
BE0000895	PLAU	5328	DrugBank
BE0004495	CD1D	912	DrugBank
BE0009430	DCLK2	166614	DrugBank
BE0000614	TH	7054	DrugBank
BE0000024	SCNN1B	6338	DrugBank
BE0004812			DrugBank
BE0009346	SLC5A5	6528	DrugBank
BE0004278	TRAPPC4	51399	DrugBank
BE0002283	ESD	2098	DrugBank
BE0001168	ABCG1	9619	DrugBank
BE0001139	TNFRSF1A	7132	DrugBank
BE0004558	RAB11A	8766	DrugBank
BE0002266	NAGPA	51172	DrugBank
BE0010008			DrugBank
BE0004629	EXTL2	2135	DrugBank
BE0004585	OAS1	4938	DrugBank
BE0004719	KCNA7	3743	DrugBank
BE0004942	IMPG2	50939	DrugBank
BE0003996	COX7A1	1346	DrugBank
BE0002136	VAMP1	6843	DrugBank
BE0004244	GUCA1A	2978	DrugBank
BE0004818			DrugBank
BE0000494	PCYT1B	9468	DrugBank
BE0004376	ACOT13	55856	DrugBank
BE0002120	MCFD2	90411	DrugBank
BE0004638	ARL3	403	DrugBank
BE0000382	DHODH	1723	DrugBank
BE0000908	RNASE3	6037	DrugBank
BE0000842	LCK	3932	DrugBank
BE0000176	SDHA	6389	DrugBank
BE0001065	GSK3B	2932	DrugBank
BE0009020	SF3B3	23450	DrugBank
BE0003434	CENPE	1062	DrugBank
BE0009562	EZH2	2146	DrugBank
BE0000821	GPX3	2878	DrugBank
BE0009115	RPS6	6194	DrugBank
BE0000759	TBXA2R	6915	DrugBank
BE0004597	PRMT1	3276	DrugBank
BE0000979	NPPB	4879	DrugBank
BE0000133	ALDH2	217	DrugBank
BE0000629	HBB	3043	DrugBank
BE0000852	PDGFRA	5156	DrugBank
BE0004717	KCNA5	3741	DrugBank
BE0003595	GABRE	2564	DrugBank
BE0000816	GPX1	2876	DrugBank
BE0009490	MST1R	4486	DrugBank
BE0000952	SERPINA1	5265	DrugBank
BE0000756	DRD2	1813	DrugBank
BE0003477	ATP2A2	488	DrugBank
BE0001124	DDR1	780	DrugBank
BE0009089	PZP	5858	DrugBank
BE0000262	PTGS2	5743	DrugBank
BE0000083	CD52	1043	DrugBank
BE0003410	PSENEN	55851	DrugBank
BE0003779	TRBC1	28639	DrugBank
BE0000735	HMOX1	3162	DrugBank
BE0000267	CA1	759	DrugBank
BE0009351	CACNA1B	774	DrugBank
BE0004944	LAYN	143903	DrugBank
BE0000055	GLRB	2743	DrugBank
BE0001085	ICAM1	3383	DrugBank
BE0000827	GRIK4	2900	DrugBank
BE0000044	NSDHL	50814	DrugBank
BE0000838	SRC	6714	DrugBank
BE0000018	GRK3	157	DrugBank
BE0003602	S100A2	6273	DrugBank
BE0003857	UQCRQ	27089	DrugBank
BE0003805	IGHG2	3501	DrugBank
BE0004718	KCNA6	3742	DrugBank
BE0009070	C4BPB	725	DrugBank
BE0000135	ALDH7A1	501	DrugBank
BE0004538	PPT1	5538	DrugBank
BE0000221	ACE	1636	DrugBank
BE0000565	IL1R1	3554	DrugBank
BE0004279	TRAPPC1	58485	DrugBank
BE0004633	SAR1B	51128	DrugBank
BE0004821			DrugBank
BE0000088	PKM	5315	DrugBank
BE0004736	VEGFB	7423	DrugBank
BE0000224	NDUFA1	4694	DrugBank
BE0008707	S100A16	140576	DrugBank
BE0000585	SRD5A2	6716	DrugBank
BE0004560	UBB	7314	DrugBank
BE0000593	RDH13	112724	DrugBank
BE0005813	MGP	4256	DrugBank
BE0009683	MC3R	4159	DrugBank
BE0002254	SDHB	6390	DrugBank
BE0000444	CASP1	834	DrugBank
BE0000395	TAS1R2	80834	DrugBank
BE0000480	SLC1A4	6509	DrugBank
BE0002344	GABRB1	2560	DrugBank
BE0009405	ULK1	8408	DrugBank
BE0004496	ISYNA1	51477	DrugBank
BE0000869	DCXR	51181	DrugBank
BE0000797	HTR1B	3351	DrugBank
BE0001627	ITPKA	3706	DrugBank
BE0003561	PTGDR2	11251	DrugBank
BE0000892	DNMT1	1786	DrugBank
BE0009519	PKMYT1	9088	DrugBank
BE0008661	SLC18A2	6571	DrugBank
BE0009096	CLEC4E	26253	DrugBank
BE0004272	ACSBG1	23205	DrugBank
BE0003593	GABRG1	2565	DrugBank
BE0004024	LY96	23643	DrugBank
BE0004544	TUB	7275	DrugBank
BE0000525	NDUFA13	51079	DrugBank
BE0003449	APOA1	335	DrugBank
BE0002840	HSD17B11	51170	DrugBank
BE0000166	GCLC	2729	DrugBank
BE0009069	APOL1	8542	DrugBank
BE0009499	NEK5	341676	DrugBank
BE0000502	SLC12A1	6557	DrugBank
BE0000722	IMPDH2	3615	DrugBank
BE0004536	AK8	158067	DrugBank
BE0004022	PLA2G2D	26279	DrugBank
BE0000781	KCNA1	3736	DrugBank
BE0008708	CALB2	794	DrugBank
BE0000223	VARS	7407	DrugBank
BE0003604	KCND3	3752	DrugBank
BE0003462	STAT3	6774	DrugBank
BE0003882	LAP3	51056	DrugBank
BE0000419	SLC12A3	6559	DrugBank
BE0001090	S100A1	6271	DrugBank
BE0004352	AKR1A1	10327	DrugBank
BE0000683	PNLIP	5406	DrugBank
BE0009412	AXL	558	DrugBank
BE0000361	SLC16A8	23539	DrugBank
BE0000933	ALDH1L1	10840	DrugBank
BE0000600	ALDH3A2	224	DrugBank
BE0002455	GLIPR1	11010	DrugBank
BE0000008	NNT	23530	DrugBank
BE0009537	SGK3	23678	DrugBank
BE0001541	HS3ST3A1	9955	DrugBank
BE0001637	MMP16	4325	DrugBank
BE0003298	ITGB4	3691	DrugBank
BE0003728	NCOA1	8648	DrugBank
BE0003825	RPL23	9349	DrugBank
BE0000107	CEACAM1	634	DrugBank
BE0000536	SLC36A1	206358	DrugBank
BE0001843	RAP2A	5911	DrugBank
BE0004339			DrugBank
BE0002253	P4HA2	8974	DrugBank
BE0000453	KIT	3815	DrugBank
BE0001504	CTSF	8722	DrugBank
BE0002206	P3H2	55214	DrugBank
BE0001898	HSP90AB1	3326	DrugBank
BE0009484	MAST1	22983	DrugBank
BE0002452	NPY5R	4889	DrugBank
BE0009920	TMPRSS2	7113	DrugBank
BE0004966	ACTB	60	DrugBank
BE0000559	IDH3B	3420	DrugBank
BE0003470	CAPN3	825	DrugBank
BE0003094	PAPSS1	9061	DrugBank
BE0004520	PTS	5805	DrugBank
BE0001115	SLC1A3	6507	DrugBank
BE0000544	PCCB	5096	DrugBank
BE0000383	GOT2	2806	DrugBank
BE0009007	PHB2	11331	DrugBank
BE0000036	RAF1	5894	DrugBank
BE0002219	EGLN3	112399	DrugBank
BE0005459	CD38	952	DrugBank
BE0003433	TNFRSF10B	8795	DrugBank
BE0000405	CHRM4	1132	DrugBank
BE0004684	FCGR1B	2210	DrugBank
BE0001152	IMPA1	3612	DrugBank
BE0000404	ODC1	4953	DrugBank
BE0002117	PHYH	5264	DrugBank
BE0001018	SLC15A1	6564	DrugBank
BE0001102	ACPP	55	DrugBank
BE0003893	MYH14	79784	DrugBank
BE0004149	ANXA5	308	DrugBank
BE0000189	SCARB1	949	DrugBank
BE0009030	NUDC	10726	DrugBank
BE0003888	ATP2A1	487	DrugBank
BE0001182	MMP8	4317	DrugBank
BE0003505	MAN2A1	4124	DrugBank
BE0004661	CHRNA1	1134	DrugBank
BE0000172	ADRB1	153	DrugBank
BE0000660	SPTLC2	9517	DrugBank
BE0004474	CYB5B	80777	DrugBank
BE0009538	SIK2	23235	DrugBank
BE0004547	SIRT3	23410	DrugBank
BE0009273	SSTR4	6754	DrugBank
BE0003731	GNAS	2778	DrugBank
BE0009492	MYLK	4638	DrugBank
BE0004465	IGLC1	3537	DrugBank
BE0003446	GPER1	2852	DrugBank
BE0009101	HP1BP3	50809	DrugBank
BE0000320	MMAA	166785	DrugBank
BE0003431	PRKCE	5581	DrugBank
BE0003196	KCNMB2	10242	DrugBank
BE0000316	AGXT	189	DrugBank
BE0005001	ESRRB	2103	DrugBank
BE0003334	CSNK1G2	1455	DrugBank
BE0003043	PPCDC	60490	DrugBank
BE0000370	RFK	55312	DrugBank
BE0000430	CACNA1C	775	DrugBank
BE0000230	YARS	8565	DrugBank
BE0003620	LIPF	8513	DrugBank
BE0009976	SLC38A1	81539	DrugBank
BE0003560	PTGR2	145482	DrugBank
BE0002371	TACR3	6870	DrugBank
BE0009389	STK38	11329	DrugBank
BE0000637	CMPK1	51727	DrugBank
BE0001109	RAC1	5879	DrugBank
BE0000342	ADRA2C	152	DrugBank
BE0001156	XIAP	331	DrugBank
BE0000684	NDUFA3	4696	DrugBank
BE0003199	ADCYAP1	116	DrugBank
BE0004593	SPTBN1	6711	DrugBank
BE0003508	PTH1R	5745	DrugBank
BE0000634	BRAF	673	DrugBank
BE0003795	PTGR1	22949	DrugBank
BE0001408	TUBB4A	10382	DrugBank
BE0003777	B2M	567	DrugBank
BE0001078	ANPEP	290	DrugBank
BE0009109	RPS13	6207	DrugBank
BE0009080	ITIH1	3697	DrugBank
BE0003382	CHEK1	1111	DrugBank
BE0004904	CYBB	1536	DrugBank
BE0001776	DAPK1	1612	DrugBank
BE0000203	GNRHR	2798	DrugBank
BE0003502	GUCY2C	2984	DrugBank
BE0000855	C5	727	DrugBank
BE0000492	PCCA	5095	DrugBank
BE0000075	GHR	2690	DrugBank
BE0003119	DECR1	1666	DrugBank
BE0003583	KCNK9	51305	DrugBank
BE0000969	SERPINB2	5055	DrugBank
BE0000704	TNF	7124	DrugBank
BE0001026	CRH	1392	DrugBank
BE0000679	CACNG1	786	DrugBank
BE0000234	TARS	6897	DrugBank
BE0004150	KLK7	5650	DrugBank
BE0000434	ARAF	369	DrugBank
BE0002355	CACNA1S	779	DrugBank
BE0002216	CDK4	1019	DrugBank
BE0009554	NFKB2	4791	DrugBank
BE0009390	STK38L	23012	DrugBank
BE0003813	ATP6V1B2	526	DrugBank
BE0002437	CA9	768	DrugBank
BE0003970	CTSH	1512	DrugBank
BE0003492	SLAMF7	57823	DrugBank
BE0000462	KCNH6	81033	DrugBank
BE0001171	TLR9	54106	DrugBank
BE0004293	MYL12A	10627	DrugBank
BE0009013	FEN1	2237	DrugBank
BE0002324	DGKA	1606	DrugBank
BE0001086	NFKB1	4790	DrugBank
BE0000208	GPD1	2819	DrugBank
BE0002301	SMPD3	55512	DrugBank
BE0003383	GHSR	2693	DrugBank
BE0009149	RPE65	6121	DrugBank
BE0009468	MAP3K4	4216	DrugBank
BE0000435	ABL2	27	DrugBank
BE0004888	ADRA1A	148	DrugBank
BE0003992	COX7C	1350	DrugBank
BE0000951	SULT1E1	6783	DrugBank
BE0004494	M6PR	4074	DrugBank
BE0000697	GPRC5A	9052	DrugBank
BE0002134	GLP2R	9340	DrugBank
BE0001141	GC	2638	DrugBank
BE0000319	NDUFA4L2	56901	DrugBank
BE0002098	FCGR2A	2212	DrugBank
BE0000340	AMN	81693	DrugBank
BE0000849	CHRNA4	1137	DrugBank
BE0009452	IRAK1	3654	DrugBank
BE0000535	CA4	762	DrugBank
BE0001671	AMY1A	276	DrugBank
BE0004370	BPHL	670	DrugBank
BE0009512	PHKG1	5260	DrugBank
BE0000645	UGDH	7358	DrugBank
BE0003335	WEE1	7465	DrugBank
BE0008975	HDGF	3068	DrugBank
BE0003416	TRPV3	162514	DrugBank
BE0002304	GPR18	2841	DrugBank
BE0004943	HABP4	22927	DrugBank
BE0009409	AAK1	22848	DrugBank
BE0000999	TNFSF13B	10673	DrugBank
BE0004570	YWHAE	7531	DrugBank
BE0003634	CA14	23632	DrugBank
BE0001608	HDAC8	55869	DrugBank
BE0004948	STAB2	55576	DrugBank
BE0002859	IL6R	3570	DrugBank
BE0002292	GLRX2	51022	DrugBank
BE0004956	GRIN1	2902	DrugBank
BE0000906	PCK1	5105	DrugBank
BE0001035	TGM2	7052	DrugBank
BE0002247	ELOVL4	6785	DrugBank
BE0003362	SIRT5	23408	DrugBank
BE0001004	SLCO1B1	10599	DrugBank
BE0003766	HAO1	54363	DrugBank
BE0000315	THRB	7068	DrugBank
BE0009664	AQP3	360	DrugBank
BE0003717	PDE8A	5151	DrugBank
BE0004386	MAP3K9	4293	DrugBank
BE0009860	HTR3A	3359	DrugBank
BE0000795	GABRA1	2554	DrugBank
BE0002327	LIAS	11019	DrugBank
BE0003399	FFAR4	338557	DrugBank
BE0003520	IL4	3565	DrugBank
BE0004472	KRTAP5-3	387266	DrugBank
BE0005551	RELA	5970	DrugBank
BE0002383	PIK3R2	5296	DrugBank
BE0009995	C1QA	712	DrugBank
BE0000314	RBP4	5950	DrugBank
BE0001128	MTAP	4507	DrugBank
BE0002163	GADL1	339896	DrugBank
BE0000035	CTNS	1497	DrugBank
BE0003390	MAPK11	5600	DrugBank
BE0004476	DBI	1622	DrugBank
BE0000592	AKR1C3	8644	DrugBank
BE0009114	RPS5	6193	DrugBank
BE0003643	SLC10A2	6555	DrugBank
BE0002287	GPX1	2876	DrugBank
BE0000698	PC	5091	DrugBank
BE0003148	PGF	5228	DrugBank
BE0003489	LTB4R2	56413	DrugBank
BE0008971			DrugBank
BE0000306	OTC	5009	DrugBank
BE0003247	LGALS2	3957	DrugBank
BE0005056	APOD	347	DrugBank
BE0001739	PRSS1	5644	DrugBank
BE0000080	TPH2	121278	DrugBank
BE0003833	RPL3	6122	DrugBank
BE0005461	CEBPB	1051	DrugBank
BE0000464	NTSR2	23620	DrugBank
BE0009366			DrugBank
BE0008701	NUCB2	4925	DrugBank
BE0003483	HLA-A	3105	DrugBank
BE0004327	HIBCH	26275	DrugBank
BE0002096	C1QC	714	DrugBank
BE0003638	SCN4B	6330	DrugBank
BE0004702	HMMR	3161	DrugBank
BE0000528	ASPH	444	DrugBank
BE0003968	SCPEP1	59342	DrugBank
BE0004901	SCN1A	6323	DrugBank
BE0000289	ADRA2A	150	DrugBank
BE0005284	CLIC1	1192	DrugBank
BE0009410	COQ8B	79934	DrugBank
BE0000603	PSAT1	29968	DrugBank
BE0004437	INPP5B	3633	DrugBank
BE0003812	MCAT	27349	DrugBank
BE0002109	CALR	811	DrugBank
BE0000941	CTSD	1509	DrugBank
BE0009477	MAPK7	5598	DrugBank
BE0009509	PAK6	56924	DrugBank
BE0001028	KCNJ3	3760	DrugBank
BE0009413	BLK	640	DrugBank
BE0000137	NDUFV2	4729	DrugBank
BE0001809	NMNAT1	64802	DrugBank
BE0001107	SFTPD	6441	DrugBank
BE0002224	CDK8	1024	DrugBank
BE0004914	ITPR1	3708	DrugBank
BE0003558	PDE11A	50940	DrugBank
BE0003584	CHRNB4	1143	DrugBank
BE0003450	IFNA2	3440	DrugBank
BE0001033	FECH	2235	DrugBank
BE0009563			DrugBank
BE0002097	FCGR3A	2214	DrugBank
BE0010002	ATP2C1	27032	DrugBank
BE0004592	SIGLEC1	6614	DrugBank
BE0004890	CHRM1	1128	DrugBank
BE0000580	MT-ND5	4540	DrugBank
BE0009047	A1BG	1	DrugBank
BE0001815	EEA1	8411	DrugBank
BE0003586	CHRNA5	1138	DrugBank
BE0009539	SNRK	54861	DrugBank
BE0003432	HSPB1	3315	DrugBank
BE0004274	RPS6KA1	6195	DrugBank
BE0000813	GSTA5	221357	DrugBank
BE0009583	HTR3B	9177	DrugBank
BE0000454	GRIN2C	2905	DrugBank
BE0000635	HCAR2	338442	DrugBank
BE0000097	SLC25A29	123096	DrugBank
BE0009505	PAK1	5058	DrugBank
BE0000610	PTGFR	5737	DrugBank
BE0000151	NFS1	9054	DrugBank
BE0009672	FGA	2243	DrugBank
BE0004082	HLA-B	3106	DrugBank
BE0002349	PSMB2	5690	DrugBank
BE0000888	FADS1	3992	DrugBank
BE0000835	GRM8	2918	DrugBank
BE0002227	CAD	790	DrugBank
BE0009965	CA1	759	DrugBank
BE0000831	GRIA3	2892	DrugBank
BE0000561	FARSB	10056	DrugBank
BE0001473	HINT1	3094	DrugBank
BE0004779	MT2A	4502	DrugBank
BE0003698	MMP23A	8511	DrugBank
BE0003540	ADK	132	DrugBank
BE0002194	FAAH	2166	DrugBank
BE0000238	TCN1	6947	DrugBank
BE0000351	AOC1	26	DrugBank
BE0001047	CCL2	6347	DrugBank
BE0000427	NDUFB2	4708	DrugBank
BE0002249	BHMT2	23743	DrugBank
BE0003637	SCN3B	55800	DrugBank
BE0003578	GUCY1A2	2977	DrugBank
BE0004823			DrugBank
BE0000093	NDUFS6	4726	DrugBank
BE0009694	XPO1	7514	DrugBank
BE0002471	CCL3	6348	DrugBank
BE0000590	ITGA4	3676	DrugBank
BE0000728	PYCR2	29920	DrugBank
BE0004531	FAH	2184	DrugBank
BE0008693	CHP1	11261	DrugBank
BE0009091	KANSL3	55683	DrugBank
BE0004525	ATP6V1C1	528	DrugBank
BE0001240	ATIC	471	DrugBank
BE0003543	CYP1A1	1543	DrugBank
BE0009004	NOMO1	23420	DrugBank
BE0003425	PRKAR1A	5573	DrugBank
BE0009719			DrugBank
BE0000386	SLC16A5	9121	DrugBank
BE0000608	DDAH2	23564	DrugBank
BE0001062	MAPK3	5595	DrugBank
BE0002319	DHRS3	9249	DrugBank
BE0003447	ANTXR1	84168	DrugBank
BE0000658	IL2RA	3559	DrugBank
BE0000191	NDUFS3	4722	DrugBank
BE0004453	SOD2	6648	DrugBank
BE0000980	PTPN4	5775	DrugBank
BE0004333	LGALS9	3965	DrugBank
BE0000955	PIK3R1	5295	DrugBank
BE0002223	P4HTM	54681	DrugBank
BE0000836	HCAR3	8843	DrugBank
BE0000005	NOS2	4843	DrugBank
BE0000219	ASNS	440	DrugBank
BE0002382	ALOX5AP	241	DrugBank
BE0000199	LIG1	3978	DrugBank
BE0005561	PTAFR	5724	DrugBank
BE0009085	KRT14	3861	DrugBank
BE0004801	PCAP	7834	DrugBank
BE0000144	RARG	5916	DrugBank
BE0003582	KCNK3	3777	DrugBank
BE0008986	F2RL3	9002	DrugBank
BE0004857	GLRA1	2741	DrugBank
BE0003467	NIP7	51388	DrugBank
BE0004012	DYRK1A	1859	DrugBank
BE0003856	UQCRH	7388	DrugBank
BE0000924	ADORA2A	135	DrugBank
BE0000290	SIGMAR1	10280	DrugBank
BE0008703	GCA	25801	DrugBank
BE0001097	MAPK10	5602	DrugBank
BE0003729	PIK3C3	5289	DrugBank
BE0003898	CLPS	1208	DrugBank
BE0000663	RARA	5914	DrugBank
BE0000425	LDHA	3939	DrugBank
BE0001094	NGF	4803	DrugBank
BE0001913	CDK7	1022	DrugBank
BE0000240	SERPINE1	5054	DrugBank
BE0009029	HSPH1	10808	DrugBank
BE0001275	TUBA1B	10376	DrugBank
BE0002470	VDAC3	7419	DrugBank
BE0004519	MGAT1	4245	DrugBank
BE0005259	RGN	9104	DrugBank
BE0009446	GSK3A	2931	DrugBank
BE0000811	GSTA4	2941	DrugBank
BE0001133	PDE4A	5141	DrugBank
BE0002705	CES1	1066	DrugBank
BE0002168	SDSL	113675	DrugBank
BE0009107	RPL35	11224	DrugBank
BE0004876	RPS6KA3	6197	DrugBank
BE0004485	RAB7A	7879	DrugBank
BE0004109	STK26	51765	DrugBank
BE0003983	DHRS4L1	728635	DrugBank
BE0009015	BECN1	8678	DrugBank
BE0000205	PDGFRB	5159	DrugBank
BE0009036	TPD52L2	7165	DrugBank
BE0003793	ECE1	1889	DrugBank
BE0003986	COX4I1	1327	DrugBank
BE0001010	CTSG	1511	DrugBank
BE0000322	CA2	760	DrugBank
BE0003387	CCR2	729230	DrugBank
BE0003421	BAD	572	DrugBank
BE0000930	PON1	5444	DrugBank
BE0004845			DrugBank
BE0000509	CASR	846	DrugBank
BE0002317	TARS2	80222	DrugBank
BE0001147	NOV	4856	DrugBank
BE0008990	AHSP	51327	DrugBank
BE0000875	CYP51A1	1595	DrugBank
BE0003424	PRKAR2A	5576	DrugBank
BE0000500	NDUFS4	4724	DrugBank
BE0004578	KAT5	10524	DrugBank
BE0000619	ATP4B	496	DrugBank
BE0001131	KCNJ12	3768	DrugBank
BE0009534	ROS1	6098	DrugBank
BE0002406	PIK3CD	5293	DrugBank
BE0009403	TXK	7294	DrugBank
BE0000050	ALAD	210	DrugBank
BE0004526	FST	10468	DrugBank
BE0001100	MAP2	4133	DrugBank
BE0009486	MELK	9833	DrugBank
BE0004889	DRD1	1812	DrugBank
BE0009391	STK39	27347	DrugBank
BE0000367	NDUFA8	4702	DrugBank
BE0000204	LARS2	23395	DrugBank
BE0003284	ARL5A	26225	DrugBank
BE0000011	IDH3A	3419	DrugBank
BE0009668	MAPK1	5594	DrugBank
BE0000174	SLC16A6	9120	DrugBank
BE0009940	PTPN12	5782	DrugBank
BE0000085	FTL	2512	DrugBank
BE0009419	CAMKK2	10645	DrugBank
BE0001038	CMA1	1215	DrugBank
BE0009453	IRAK3	11213	DrugBank
BE0009359	SF3B1	23451	DrugBank
BE0000513	ALDH1A2	8854	DrugBank
BE0002624	CTBP1	1487	DrugBank
BE0000242	FDX1	2230	DrugBank
BE0002204	XDH	7498	DrugBank
BE0002274	NAGS	162417	DrugBank
BE0009156	NAAA	27163	DrugBank
BE0004338	LCT	3938	DrugBank
BE0009162	DDX5	1655	DrugBank
BE0000876	GAA	2548	DrugBank
BE0004479	TLL2	7093	DrugBank
BE0009464	MAP3K12	7786	DrugBank
BE0003523	HDAC4	9759	DrugBank
BE0004452	EPN1	29924	DrugBank
BE0001938	ISG20	3669	DrugBank
BE0009521	PKN2	5586	DrugBank
BE0004634	IRGC	56269	DrugBank
BE0009042	YWHAQ	10971	DrugBank
BE0000604	ME1	4199	DrugBank
BE0009467	MAP3K3	4215	DrugBank
BE0003200	NEU2	4759	DrugBank
BE0009014	MT-ATP6	4508	DrugBank
BE0000363	YARS2	51067	DrugBank
BE0000740	HARS	3035	DrugBank
BE0003862	PDK1	5163	DrugBank
BE0000161	PHGDH	26227	DrugBank
BE0002517	TRDMT1	1787	DrugBank
BE0000825	GLS	2744	DrugBank
BE0002652	GPHN	10243	DrugBank
BE0009529	RIOK2	55781	DrugBank
BE0009071	BRCC3	79184	DrugBank
BE0002362	CYP3A5	1577	DrugBank
BE0001144	PCMT1	5110	DrugBank
BE0004735	IL1RN	3557	DrugBank
BE0002469	VDAC2	7417	DrugBank
BE0000214	ABO	28	DrugBank
BE0000140	SLC12A6	9990	DrugBank
BE0000014	ABL1	25	DrugBank
BE0000113	POLB	5423	DrugBank
BE0008702	FBN3	84467	DrugBank
BE0000991	AURKA	6790	DrugBank
BE0004907	PRKAA1	5562	DrugBank
BE0004715	KCNA2	3737	DrugBank
BE0002450	RRM2	6241	DrugBank
BE0001474	TPSB2	64499	DrugBank
BE0000459	ACVRL1	94	DrugBank
BE0005863	IL17A	3605	DrugBank
BE0003515	ACCS	84680	DrugBank
BE0003703	MMP28	79148	DrugBank
BE0004076	CAMK2A	815	DrugBank
BE0008959	RPS2	6187	DrugBank
BE0001113	CD44	960	DrugBank
BE0000042	PDXK	8566	DrugBank
BE0003514	HSF1	3297	DrugBank
BE0000553	KCNMA1	3778	DrugBank
BE0004251	ACTR3	10096	DrugBank
BE0004686	C4B	721	DrugBank
BE0002189	GSTA2	2939	DrugBank
BE0000096	MSMO1	6307	DrugBank
BE0005795	FTO	79068	DrugBank
BE0003482	HLA-A	3105	DrugBank
BE0000739	RYR1	6261	DrugBank
BE0000064	PTGER1	5731	DrugBank
BE0001084	LCN2	3934	DrugBank
BE0003842	ATP5C1	509	DrugBank
BE0009481	MARK3	4140	DrugBank
BE0009460	MAP2K5	5607	DrugBank
BE0002106	LAMB1	3912	DrugBank
BE0001126	FOS	2353	DrugBank
BE0000110	P2RY12	64805	DrugBank
BE0009333	DIO3	1735	DrugBank
BE0001119	APOE	348	DrugBank
BE0004512	NCAN	1463	DrugBank
BE0003991	COX7B	1349	DrugBank
BE0004908			DrugBank
BE0004144	CAPNS1	826	DrugBank
BE0000026	TUBB1	81027	DrugBank
BE0000162	OGDH	4967	DrugBank
BE0000244	ALDH4A1	8659	DrugBank
BE0004572	VCP	7415	DrugBank
BE0004140	EPHA7	2045	DrugBank
BE0000724	BGLAP	632	DrugBank
BE0009908	APOB	338	DrugBank
BE0003460	CASP8	841	DrugBank
BE0000105	SOAT1	6646	DrugBank
BE0004283	PARP15	165631	DrugBank
BE0004491	GNAI1	2770	DrugBank
BE0008720			DrugBank
BE0004878	NFATC1	4772	DrugBank
BE0000324	TYMS	7298	DrugBank
BE0002461	SIRT1	23411	DrugBank
BE0005831	BDKRB1	623	DrugBank
BE0000840	YES1	7525	DrugBank
BE0009077	HRNR	388697	DrugBank
BE0003827	RPL19	6143	DrugBank
BE0004373	IYD	389434	DrugBank
BE0000785	ABCC1	4363	DrugBank
BE0008965	SFPQ	6421	DrugBank
BE0000850	CHRNB2	1141	DrugBank
BE0004270	CSNK1G1	53944	DrugBank
BE0001701	CFB	629	DrugBank
BE0002116	SDC2	6383	DrugBank
BE0000359	ALK	238	DrugBank
BE0002104	CLEC3B	7123	DrugBank
BE0003734	CCNA2	890	DrugBank
BE0000154	KCNK1	3775	DrugBank
BE0000516	ITGAL	3683	DrugBank
BE0003392	APP	351	DrugBank
BE0003597	GABRQ	55879	DrugBank
BE0004312	IGHV3-30	28439	DrugBank
BE0000145	DRD5	1816	DrugBank
BE0009466	MAP3K15	389840	DrugBank
BE0003995	COX6B1	1340	DrugBank
BE0000719	CD2	914	DrugBank
BE0001177	S100B	6285	DrugBank
BE0003914	PSMA5	5686	DrugBank
BE0005435	CSNK2B	1460	DrugBank
BE0004276	TRAPPC6B	122553	DrugBank
BE0000653	RARRES1	5918	DrugBank
BE0000899	COMP	1311	DrugBank
BE0000791	CTH	1491	DrugBank
BE0002186	PHOSPHO1	162466	DrugBank
BE0002336	PARS2	25973	DrugBank
BE0000069	ACAT1	38	DrugBank
BE0000052	SLC7A4	6545	DrugBank
BE0000886	SULT2A1	6822	DrugBank
BE0000861	RAMP3	10268	DrugBank
BE0009471	MAP4K2	5871	DrugBank
BE0004557	NCS1	23413	DrugBank
BE0009433	EIF2AK1	27102	DrugBank
BE0009966	CCDC51	79714	DrugBank
BE0003837	IGKV2-30	28919	DrugBank
BE0001705	CDC25B	994	DrugBank
BE0002271	ENPEP	2028	DrugBank
BE0004489	MYH11	4629	DrugBank
BE0002102	IL2RG	3561	DrugBank
BE0000779	VDR	7421	DrugBank
BE0002368	HDAC6	10013	DrugBank
BE0005538	DAND5	199699	DrugBank
BE0009443	FER	2241	DrugBank
BE0004769	SLC7A7	9056	DrugBank
BE0001415	TUBB3	10381	DrugBank
BE0001241	BST1	683	DrugBank
BE0000409	ALAS1	211	DrugBank
BE0005834	SIVA1	10572	DrugBank
BE0000156	SIGMAR1	10280	DrugBank
BE0009511	CDK17	5128	DrugBank
BE0000541	NDUFA11	126328	DrugBank
BE0004580	GFER	2671	DrugBank
BE0009917	ERBB3	2065	DrugBank
BE0000408	HSD17B4	3295	DrugBank
BE0004674	SLC18A1	6570	DrugBank
BE0008624			DrugBank
BE0004759	LIMK1	3984	DrugBank
BE0009881	S1PR3	1903	DrugBank
BE0009068	SERPINF1	5176	DrugBank
BE0002198	MAOA	4128	DrugBank
BE0001060	AGT	183	DrugBank
BE0002927	SUOX	6821	DrugBank
BE0009074	DSP	1832	DrugBank
BE0004742	FRK	2444	DrugBank
BE0002119	LMAN1	3998	DrugBank
BE0009052	C9	735	DrugBank
BE0000239	LPL	4023	DrugBank
BE0004444	SDF2	6388	DrugBank
BE0001777	NR1H4	9971	DrugBank
BE0000992	PARK7	11315	DrugBank
BE0009051	C8B	732	DrugBank
BE0000115	APRT	353	DrugBank
BE0000423	SLC6A14	11254	DrugBank
BE0000095	CNR2	1269	DrugBank
BE0009517	PIP4K2B	8396	DrugBank
BE0000920	MMP1	4312	DrugBank
BE0009514	PIK3C2B	5287	DrugBank
BE0000489	KCNE1	3753	DrugBank
BE0000263	NOS3	4846	DrugBank
BE0000764	GABRA6	2559	DrugBank
BE0003890	DMPK	1760	DrugBank
BE0002290	MGST2	4258	DrugBank
BE0009423	CDKL2	8999	DrugBank
BE0000180	GLUD1	2746	DrugBank
BE0004057	NCOA5	57727	DrugBank
BE0005530	PTEN	5728	DrugBank
BE0002099	FCGR2B	2213	DrugBank
BE0003407	CPB2	1361	DrugBank
BE0003426	AGTR2	186	DrugBank
BE0000568	FOLH1	2346	DrugBank
BE0004590	PSPH	5723	DrugBank
BE0003440	MPL	4352	DrugBank
BE0004671	CPS1	1373	DrugBank
BE0009915	APOBEC1	339	DrugBank
BE0008993	S100A9	6280	DrugBank
BE0000281	SLC12A2	6558	DrugBank
BE0000212	SLC7A1	6541	DrugBank
BE0001979	TXNRD1	7296	DrugBank
BE0000943	PROS1	5627	DrugBank
BE0009436	EPHA1	2041	DrugBank
BE0001567	GNPDA1	10007	DrugBank
BE0000832	GRIK3	2899	DrugBank
BE0003599	GABRD	2563	DrugBank
BE0004434	LSM6	11157	DrugBank
BE0009427	CSNK1A1	1452	DrugBank
BE0009024	FBXO41	150726	DrugBank
BE0000417	GRIN2B	2904	DrugBank
BE0004559	RAN	5901	DrugBank
BE0001105	PRNP	5621	DrugBank
BE0000082	CKB	1152	DrugBank
